run,layer_size,lr,penalty,loss,best_epoch,mse_train,r2_train,mse_test,r2_test,balance_error,train_indices,test_indices
1,12,0.01,1.0,0.0046965294,500,257.5763143380739,0.9954425725049784,271.3146563283673,0.9941275850237287,7.79071073144529,"[168, 170, 238, 132, 99, 79, 220, 102, 147, 241, 31, 18, 120, 219, 210, 19, 110, 242, 33, 194, 199, 35, 11, 228, 29, 0, 177, 122, 67, 261, 28, 16, 171, 150, 47, 208, 40, 107, 246, 69, 188, 118, 119, 186, 260, 114, 59, 127, 152, 158, 154, 117, 106, 14, 169, 249, 21, 89, 56, 227, 55, 230, 185, 84, 53, 256, 140, 247, 187, 116, 148, 42, 17, 5, 195, 183, 48, 159, 245, 66, 70, 232, 211, 105, 218, 54, 244, 98, 145, 97, 197, 82, 243, 94, 236, 191, 81, 124, 172, 173, 13, 262, 179, 45, 189, 103, 36, 213, 248, 259, 181, 75, 161, 229, 221, 202, 2, 214, 6, 223, 206, 77, 113, 65, 151, 160, 46, 74, 92, 193, 87, 143, 184, 10, 162, 32, 136, 166, 83, 207, 165, 155, 100, 125, 23, 126, 9, 226, 104, 153, 201, 135, 111, 250, 64, 15, 41, 217, 109, 80, 52, 26, 76, 43, 24, 196, 3, 225, 49, 149, 198, 131, 254, 30, 200, 121, 175, 115, 231, 216, 8, 209, 60, 128, 1, 57, 22, 61, 63, 7, 137, 141, 86, 96, 222, 233, 253, 215, 68, 50, 142, 157, 156, 234, 139, 212, 146, 101, 20, 178, 25, 134, 252, 237, 71, 204, 129, 144, 133, 203, 255, 72, 235, 37]","[95, 12, 164, 176, 51, 258, 224, 167, 78, 123, 174, 73, 192, 44, 138, 38, 112, 4, 240, 251, 239, 34, 88, 180, 257, 108, 62, 190, 90, 58, 263, 93, 27, 130, 39, 205, 91, 182, 163, 85]"
2,12,0.01,1.0,0.0039818618,499,221.31096492853837,0.9961622894877992,546.9051682903994,0.9882069921605418,7.190599202148451,"[53, 139, 246, 66, 20, 28, 98, 206, 118, 180, 91, 177, 248, 238, 236, 23, 71, 154, 14, 29, 77, 18, 94, 210, 89, 25, 161, 153, 173, 134, 133, 169, 44, 6, 12, 223, 5, 244, 2, 112, 233, 155, 144, 163, 193, 127, 220, 101, 142, 93, 90, 200, 160, 239, 131, 9, 189, 261, 45, 242, 245, 186, 260, 151, 48, 42, 115, 191, 224, 57, 247, 164, 79, 130, 203, 222, 7, 157, 166, 232, 182, 1, 11, 111, 231, 187, 241, 8, 226, 240, 152, 21, 235, 172, 119, 197, 227, 258, 78, 205, 229, 108, 192, 215, 184, 82, 135, 219, 202, 256, 159, 36, 92, 62, 0, 27, 100, 175, 250, 217, 214, 230, 158, 143, 17, 59, 165, 188, 255, 149, 123, 55, 16, 221, 228, 216, 87, 146, 97, 125, 61, 81, 263, 68, 129, 56, 19, 86, 70, 137, 60, 34, 40, 138, 76, 209, 26, 32, 43, 96, 83, 190, 110, 105, 185, 73, 117, 150, 145, 212, 262, 178, 136, 174, 39, 49, 207, 253, 132, 50, 204, 52, 80, 194, 252, 121, 211, 257, 198, 46, 196, 88, 69, 67, 249, 58, 33, 234, 38, 103, 51, 107, 170, 4, 102, 195, 167, 37, 116, 124, 148, 218, 31, 63, 47, 213, 259, 95, 162, 75, 22, 72, 15, 168]","[141, 85, 122, 54, 3, 113, 179, 104, 109, 201, 156, 84, 181, 65, 251, 114, 30, 237, 10, 120, 147, 99, 140, 126, 171, 13, 35, 225, 64, 183, 128, 208, 254, 74, 243, 176, 199, 106, 41, 24]"
3,12,0.01,1.0,0.004675346,500,256.1722494669822,0.9956607537052793,221.79942229927474,0.9950588210930926,9.29439718359372,"[83, 145, 15, 64, 78, 207, 102, 57, 65, 50, 170, 109, 74, 186, 212, 185, 232, 89, 159, 227, 195, 253, 46, 58, 73, 226, 45, 216, 211, 4, 173, 134, 34, 118, 244, 151, 105, 10, 214, 12, 70, 257, 162, 229, 47, 128, 77, 201, 41, 63, 231, 194, 122, 193, 111, 161, 121, 223, 175, 51, 197, 163, 88, 87, 233, 238, 130, 248, 86, 139, 125, 17, 30, 252, 146, 136, 24, 261, 72, 42, 222, 247, 71, 155, 13, 143, 164, 245, 230, 95, 204, 246, 100, 154, 182, 137, 220, 8, 107, 53, 27, 239, 92, 32, 135, 22, 228, 178, 188, 198, 237, 35, 120, 189, 19, 177, 44, 68, 76, 112, 260, 11, 55, 180, 9, 190, 29, 39, 234, 56, 203, 21, 91, 59, 250, 236, 36, 156, 241, 52, 200, 48, 158, 258, 141, 96, 183, 75, 209, 210, 160, 80, 144, 99, 124, 213, 117, 85, 1, 113, 225, 174, 215, 199, 205, 184, 165, 240, 116, 18, 192, 0, 54, 254, 28, 206, 127, 255, 49, 94, 20, 37, 176, 79, 123, 33, 171, 7, 62, 263, 106, 157, 97, 110, 104, 69, 90, 179, 129, 60, 191, 2, 66, 150, 218, 81, 26, 142, 167, 93, 172, 148, 224, 166, 119, 149, 138, 169, 202, 147, 256, 131, 249, 152]","[115, 38, 140, 108, 168, 219, 235, 217, 153, 25, 82, 243, 132, 84, 114, 16, 6, 259, 187, 103, 101, 40, 3, 221, 14, 61, 181, 43, 242, 98, 31, 251, 23, 208, 262, 67, 5, 133, 126, 196]"
4,12,0.01,1.0,0.0040540122,478,225.89663615225774,0.9961916551073532,315.213525652478,0.9931663594468942,8.328493876953132,"[83, 46, 152, 13, 42, 14, 163, 108, 259, 69, 231, 48, 180, 175, 205, 1, 18, 91, 212, 123, 20, 43, 71, 257, 249, 88, 206, 142, 241, 219, 124, 169, 100, 34, 192, 155, 211, 140, 253, 70, 26, 12, 130, 238, 154, 77, 256, 224, 62, 143, 90, 147, 248, 251, 226, 193, 240, 215, 16, 76, 263, 202, 99, 80, 19, 2, 61, 199, 93, 29, 24, 129, 208, 5, 103, 118, 25, 221, 37, 64, 216, 177, 28, 144, 105, 134, 102, 261, 214, 148, 218, 179, 41, 10, 7, 74, 162, 157, 167, 65, 35, 237, 120, 159, 223, 245, 189, 191, 135, 220, 119, 258, 138, 243, 141, 15, 127, 86, 60, 97, 27, 17, 150, 67, 246, 250, 4, 244, 239, 53, 235, 9, 78, 210, 40, 31, 228, 198, 182, 132, 158, 96, 54, 125, 72, 165, 8, 51, 107, 59, 36, 79, 85, 181, 242, 203, 236, 23, 75, 200, 190, 195, 22, 217, 151, 204, 176, 187, 73, 209, 145, 50, 185, 95, 98, 207, 115, 114, 3, 156, 247, 32, 161, 173, 170, 168, 160, 260, 186, 66, 49, 136, 30, 117, 262, 194, 56, 230, 166, 201, 149, 21, 254, 0, 131, 52, 234, 126, 38, 44, 178, 164, 104, 57, 183, 55, 94, 109, 252, 58, 87, 197, 174, 122]","[84, 45, 68, 233, 81, 116, 106, 6, 137, 110, 196, 188, 82, 255, 47, 11, 222, 146, 101, 92, 225, 39, 112, 171, 133, 139, 227, 33, 229, 113, 153, 184, 172, 111, 128, 63, 232, 213, 121, 89]"
5,12,0.01,1.0,0.003943218,500,215.00851201700178,0.9961951088149437,295.0236697028051,0.9946743756731536,4.257167016601551,"[201, 139, 202, 232, 107, 225, 99, 166, 229, 167, 235, 28, 196, 49, 200, 17, 37, 61, 176, 25, 21, 237, 26, 46, 93, 53, 40, 75, 51, 172, 104, 241, 98, 198, 244, 240, 34, 209, 247, 252, 138, 145, 213, 39, 96, 90, 184, 97, 260, 77, 123, 24, 54, 159, 114, 50, 23, 1, 87, 45, 242, 156, 258, 214, 223, 226, 43, 62, 177, 192, 220, 134, 178, 170, 238, 74, 149, 59, 234, 12, 71, 161, 163, 219, 19, 57, 122, 66, 186, 160, 63, 153, 249, 199, 15, 174, 10, 243, 36, 168, 4, 92, 116, 224, 22, 81, 52, 236, 13, 72, 20, 111, 35, 70, 120, 29, 195, 69, 150, 171, 169, 126, 245, 259, 64, 188, 262, 128, 82, 187, 142, 180, 76, 32, 185, 261, 141, 152, 173, 162, 133, 227, 47, 239, 9, 215, 14, 94, 16, 207, 85, 33, 157, 155, 78, 91, 131, 183, 193, 124, 67, 11, 248, 255, 109, 108, 100, 135, 250, 18, 147, 218, 38, 68, 2, 31, 246, 179, 105, 164, 110, 132, 254, 0, 58, 5, 263, 144, 103, 210, 129, 190, 41, 106, 137, 121, 146, 125, 86, 212, 30, 175, 65, 203, 205, 44, 27, 80, 257, 181, 113, 143, 204, 7, 208, 158, 112, 231, 228, 8, 73, 118, 189, 206]","[165, 191, 197, 127, 154, 251, 117, 95, 216, 148, 119, 101, 136, 140, 256, 221, 55, 60, 230, 211, 217, 233, 79, 222, 130, 194, 83, 48, 253, 151, 89, 6, 88, 102, 182, 56, 84, 3, 42, 115]"
6,12,0.01,1.0,0.0044655073,460,224.99452353158176,0.996218607941137,420.5874093927006,0.99247610499409,10.328294322265611,"[104, 237, 100, 160, 61, 199, 225, 249, 159, 59, 181, 207, 116, 38, 128, 11, 84, 118, 97, 21, 58, 250, 103, 27, 64, 240, 178, 186, 49, 12, 172, 54, 169, 254, 81, 138, 25, 65, 146, 164, 90, 93, 109, 56, 44, 203, 233, 263, 180, 32, 174, 88, 112, 239, 18, 231, 136, 0, 190, 29, 20, 14, 261, 2, 35, 69, 113, 16, 246, 137, 87, 23, 96, 117, 134, 122, 234, 99, 247, 196, 72, 209, 5, 131, 258, 71, 95, 51, 166, 191, 126, 107, 37, 141, 220, 79, 140, 45, 76, 230, 120, 39, 175, 7, 91, 145, 260, 108, 173, 92, 46, 55, 222, 34, 158, 218, 156, 121, 111, 102, 148, 60, 152, 232, 188, 3, 22, 142, 157, 189, 192, 153, 262, 211, 73, 77, 214, 213, 101, 198, 223, 9, 206, 248, 149, 243, 47, 241, 252, 253, 238, 33, 184, 259, 36, 135, 195, 42, 176, 24, 105, 123, 41, 150, 163, 82, 129, 139, 224, 67, 10, 226, 70, 255, 40, 119, 78, 257, 50, 244, 57, 43, 28, 124, 85, 147, 63, 66, 127, 245, 80, 62, 235, 132, 177, 229, 197, 171, 114, 86, 217, 15, 154, 125, 133, 194, 31, 219, 212, 204, 130, 8, 256, 68, 110, 236, 161, 26, 185, 75, 1, 106, 227, 201]","[19, 89, 200, 221, 74, 98, 183, 228, 193, 215, 242, 48, 187, 170, 17, 30, 4, 6, 165, 208, 143, 251, 210, 52, 151, 94, 83, 13, 162, 155, 53, 216, 205, 202, 179, 182, 144, 167, 115, 168]"
7,12,0.01,1.0,0.0061161816,500,267.09476942565226,0.9939467645963536,425.4315948335915,0.9908823623579666,10.977169440429691,"[120, 90, 80, 88, 70, 95, 153, 78, 242, 113, 248, 7, 224, 81, 169, 145, 234, 102, 247, 232, 8, 108, 27, 66, 52, 204, 99, 199, 86, 261, 158, 180, 31, 214, 96, 13, 122, 9, 18, 212, 226, 252, 161, 14, 40, 45, 237, 32, 77, 182, 132, 173, 28, 63, 82, 160, 154, 15, 41, 58, 111, 223, 36, 179, 139, 240, 51, 225, 126, 170, 186, 229, 85, 97, 239, 241, 128, 129, 91, 157, 177, 219, 184, 37, 174, 147, 198, 104, 105, 168, 49, 150, 5, 17, 171, 116, 166, 106, 134, 208, 64, 26, 197, 262, 200, 236, 117, 235, 250, 29, 79, 140, 131, 39, 156, 54, 43, 190, 48, 203, 59, 143, 53, 20, 124, 142, 253, 263, 76, 220, 107, 209, 12, 16, 47, 194, 119, 21, 146, 178, 216, 130, 210, 245, 73, 257, 30, 193, 33, 202, 221, 155, 238, 123, 260, 163, 100, 149, 207, 151, 244, 61, 213, 35, 10, 256, 71, 92, 243, 93, 159, 118, 144, 227, 1, 246, 83, 255, 195, 87, 137, 4, 38, 206, 201, 233, 34, 192, 189, 112, 181, 183, 152, 56, 69, 191, 44, 188, 19, 6, 55, 75, 0, 172, 135, 127, 176, 68, 230, 167, 136, 218, 42, 110, 89, 72, 23, 185, 103, 211, 67, 25, 196, 175]","[254, 22, 62, 231, 60, 148, 2, 84, 24, 109, 114, 215, 251, 222, 258, 94, 65, 133, 187, 3, 205, 74, 228, 115, 138, 101, 46, 164, 141, 50, 162, 125, 217, 165, 249, 98, 57, 121, 11, 259]"
8,12,0.01,1.0,0.004299765,500,257.60317645389154,0.995836450679538,508.6891843124317,0.9910894398524787,5.695654644531191,"[148, 78, 139, 129, 244, 23, 245, 179, 145, 42, 106, 80, 171, 82, 62, 190, 206, 197, 202, 248, 77, 198, 214, 195, 1, 45, 5, 175, 203, 0, 17, 207, 218, 140, 57, 158, 65, 33, 141, 39, 177, 109, 88, 213, 165, 215, 117, 204, 100, 121, 27, 111, 12, 186, 234, 162, 103, 76, 90, 172, 89, 193, 153, 151, 212, 205, 67, 132, 116, 44, 161, 222, 258, 223, 40, 68, 164, 183, 242, 70, 101, 228, 52, 257, 50, 35, 157, 189, 10, 253, 201, 150, 174, 127, 210, 211, 130, 60, 247, 163, 32, 97, 24, 240, 29, 49, 259, 41, 8, 83, 187, 74, 144, 99, 216, 226, 43, 124, 119, 230, 178, 104, 58, 168, 252, 142, 11, 75, 147, 233, 263, 156, 6, 152, 250, 225, 192, 118, 112, 16, 185, 260, 237, 19, 236, 254, 126, 7, 73, 160, 95, 134, 235, 46, 122, 167, 54, 38, 194, 227, 37, 241, 224, 232, 188, 120, 123, 36, 199, 166, 2, 219, 135, 64, 138, 47, 28, 200, 21, 173, 20, 31, 86, 63, 91, 220, 15, 107, 81, 125, 229, 243, 246, 66, 154, 105, 170, 249, 71, 53, 181, 196, 51, 9, 184, 251, 102, 14, 18, 59, 98, 93, 143, 61, 137, 13, 108, 155, 115, 85, 48, 191, 136, 133]","[114, 55, 69, 56, 25, 30, 84, 169, 262, 208, 261, 256, 87, 159, 3, 110, 146, 22, 217, 131, 221, 79, 113, 34, 92, 94, 128, 231, 72, 180, 96, 176, 4, 238, 209, 149, 255, 182, 26, 239]"
9,12,0.01,1.0,0.0053074667,500,273.0718985300469,0.99489974306089,276.15309899716334,0.9915862822257406,8.74277506152344,"[107, 246, 75, 54, 6, 27, 155, 3, 53, 20, 133, 69, 149, 16, 116, 151, 83, 166, 15, 215, 36, 23, 257, 194, 152, 88, 9, 206, 122, 228, 171, 263, 177, 131, 109, 30, 213, 90, 26, 189, 21, 13, 183, 134, 123, 28, 55, 47, 93, 95, 25, 207, 101, 79, 51, 142, 11, 173, 249, 175, 138, 197, 97, 162, 146, 224, 82, 68, 67, 73, 42, 217, 247, 7, 176, 2, 89, 222, 179, 230, 260, 100, 86, 136, 8, 130, 204, 84, 148, 113, 43, 154, 239, 244, 35, 111, 33, 0, 135, 196, 150, 199, 70, 193, 29, 153, 10, 253, 235, 48, 163, 66, 41, 212, 229, 76, 94, 85, 174, 96, 118, 87, 190, 102, 232, 64, 164, 160, 252, 185, 14, 112, 223, 203, 243, 255, 180, 50, 170, 169, 198, 110, 61, 98, 211, 157, 46, 143, 114, 115, 108, 34, 1, 192, 72, 201, 210, 158, 147, 24, 5, 132, 144, 231, 74, 254, 186, 52, 99, 4, 40, 178, 258, 63, 182, 205, 261, 58, 245, 141, 104, 191, 49, 262, 208, 137, 119, 19, 165, 139, 227, 233, 129, 242, 214, 18, 12, 120, 124, 234, 62, 256, 184, 202, 216, 187, 238, 188, 128, 220, 221, 161, 91, 117, 248, 241, 250, 59, 22, 65, 125, 251, 56, 126]","[37, 60, 259, 80, 225, 77, 17, 121, 181, 127, 32, 167, 218, 31, 57, 105, 236, 219, 240, 172, 44, 106, 103, 195, 200, 145, 156, 78, 92, 45, 226, 38, 159, 237, 209, 39, 71, 81, 168, 140]"
10,12,0.01,1.0,0.004049852,483,226.1877756623441,0.9961698440890474,283.85201100606173,0.9946974376613308,8.056337785156256,"[157, 119, 0, 132, 171, 6, 184, 228, 24, 105, 230, 19, 218, 60, 155, 114, 1, 195, 111, 169, 238, 168, 56, 173, 58, 243, 46, 116, 186, 172, 248, 130, 5, 160, 199, 222, 2, 187, 102, 209, 70, 106, 68, 76, 52, 225, 163, 32, 223, 7, 9, 91, 39, 113, 212, 87, 193, 261, 149, 232, 194, 109, 236, 78, 25, 224, 167, 198, 72, 180, 258, 192, 148, 131, 121, 205, 254, 257, 142, 202, 183, 43, 136, 233, 21, 178, 37, 227, 251, 117, 48, 244, 215, 175, 159, 99, 95, 67, 66, 196, 22, 124, 101, 166, 144, 201, 226, 176, 90, 41, 81, 154, 110, 53, 17, 240, 51, 14, 237, 82, 84, 250, 29, 3, 23, 146, 128, 165, 45, 189, 97, 220, 42, 188, 79, 242, 12, 112, 11, 214, 85, 134, 143, 190, 207, 104, 34, 182, 108, 50, 191, 203, 204, 4, 133, 44, 96, 241, 28, 135, 174, 145, 211, 245, 71, 118, 217, 262, 137, 74, 260, 247, 94, 151, 150, 255, 93, 18, 27, 36, 57, 31, 65, 140, 89, 158, 30, 86, 92, 141, 126, 153, 13, 197, 77, 253, 179, 177, 206, 249, 200, 33, 62, 122, 107, 88, 54, 139, 239, 100, 16, 115, 164, 246, 40, 234, 256, 73, 8, 221, 156, 123, 15, 125]","[252, 170, 120, 38, 69, 231, 162, 64, 47, 210, 83, 181, 185, 129, 147, 229, 127, 152, 235, 75, 63, 138, 10, 208, 259, 80, 216, 103, 213, 35, 49, 263, 161, 59, 20, 26, 219, 55, 61, 98]"
11,12,0.01,1.0,0.0047291466,500,242.81888792986976,0.9958958391286955,294.0350720390722,0.9941512786394505,12.936510953125003,"[244, 95, 52, 86, 21, 9, 88, 221, 20, 14, 255, 137, 39, 11, 29, 134, 257, 230, 263, 200, 243, 206, 139, 169, 33, 219, 63, 262, 69, 127, 49, 122, 97, 108, 0, 101, 147, 163, 4, 215, 103, 146, 190, 46, 258, 248, 188, 30, 209, 123, 196, 56, 240, 98, 113, 85, 180, 182, 242, 130, 59, 102, 42, 57, 143, 76, 214, 13, 220, 73, 175, 208, 150, 207, 24, 32, 15, 51, 204, 94, 226, 121, 217, 174, 179, 177, 66, 126, 202, 35, 195, 87, 135, 170, 159, 154, 194, 199, 64, 10, 229, 233, 93, 241, 245, 5, 165, 184, 58, 104, 213, 6, 149, 246, 164, 111, 239, 106, 148, 197, 198, 65, 141, 156, 250, 100, 216, 31, 118, 119, 249, 167, 38, 211, 82, 50, 84, 201, 205, 162, 75, 124, 105, 247, 260, 8, 40, 172, 203, 110, 47, 225, 48, 18, 43, 17, 210, 166, 90, 117, 153, 19, 78, 254, 235, 72, 68, 136, 131, 1, 187, 178, 259, 181, 133, 223, 168, 234, 232, 183, 7, 142, 44, 27, 185, 138, 107, 89, 237, 155, 23, 96, 79, 251, 192, 114, 171, 70, 67, 145, 152, 261, 81, 212, 231, 37, 74, 129, 140, 34, 132, 125, 236, 45, 160, 253, 176, 92, 109, 71, 161, 91, 80, 191]","[224, 222, 112, 193, 99, 218, 151, 186, 227, 62, 256, 128, 2, 36, 12, 252, 60, 116, 61, 22, 83, 189, 25, 115, 144, 3, 16, 157, 54, 53, 26, 55, 41, 238, 158, 228, 120, 173, 77, 28]"
12,12,0.01,1.0,0.0043861363,500,227.65463733225081,0.9960402635575573,436.573237959703,0.993308876364255,9.324823001953131,"[21, 42, 92, 127, 229, 180, 136, 177, 125, 256, 232, 50, 78, 38, 143, 64, 12, 188, 225, 32, 174, 29, 23, 90, 139, 151, 63, 193, 51, 75, 206, 142, 111, 168, 10, 144, 152, 250, 61, 36, 55, 1, 167, 37, 41, 226, 199, 106, 66, 94, 254, 145, 124, 257, 222, 249, 147, 101, 215, 5, 252, 200, 137, 233, 14, 19, 47, 62, 176, 120, 8, 88, 169, 40, 140, 189, 45, 197, 33, 172, 15, 67, 81, 186, 129, 209, 30, 39, 103, 17, 113, 95, 239, 255, 126, 93, 108, 246, 236, 223, 26, 228, 235, 132, 220, 248, 218, 22, 149, 72, 76, 138, 46, 54, 211, 71, 244, 2, 28, 263, 9, 69, 150, 237, 153, 97, 102, 57, 80, 148, 213, 112, 0, 221, 207, 245, 162, 91, 114, 201, 116, 192, 18, 185, 227, 43, 179, 105, 157, 20, 183, 182, 121, 99, 84, 59, 58, 156, 260, 195, 231, 70, 198, 170, 60, 175, 107, 53, 234, 181, 68, 115, 203, 165, 44, 65, 196, 4, 56, 25, 79, 216, 224, 217, 187, 27, 110, 160, 242, 173, 73, 109, 123, 134, 212, 208, 178, 214, 146, 96, 191, 119, 158, 161, 163, 100, 190, 35, 89, 82, 13, 204, 104, 117, 128, 74, 118, 141, 49, 259, 130, 241, 253, 155]","[87, 122, 11, 48, 52, 205, 133, 258, 16, 135, 34, 166, 238, 247, 98, 83, 131, 3, 164, 154, 159, 77, 219, 184, 202, 31, 194, 261, 7, 171, 240, 243, 251, 85, 210, 230, 262, 6, 24, 86]"
13,12,0.01,1.0,0.0039466047,500,221.29144245967657,0.9961906077069917,293.3019537811195,0.9938628166246171,5.134158882812517,"[36, 128, 64, 66, 9, 33, 257, 97, 248, 228, 124, 142, 210, 238, 224, 167, 220, 198, 155, 159, 92, 82, 107, 70, 65, 195, 42, 118, 239, 227, 93, 157, 152, 249, 145, 39, 114, 168, 78, 197, 10, 106, 110, 13, 32, 15, 184, 242, 232, 28, 208, 256, 196, 125, 43, 60, 17, 200, 231, 19, 223, 18, 188, 96, 178, 163, 191, 115, 54, 108, 38, 44, 69, 46, 131, 151, 226, 95, 212, 37, 260, 62, 136, 245, 21, 255, 102, 8, 171, 219, 94, 186, 140, 89, 14, 103, 237, 31, 116, 27, 222, 45, 77, 177, 221, 87, 132, 48, 111, 185, 105, 104, 56, 55, 170, 206, 202, 137, 258, 29, 261, 252, 3, 83, 134, 91, 4, 253, 20, 35, 181, 50, 57, 204, 201, 121, 53, 154, 183, 26, 144, 217, 25, 189, 225, 47, 141, 165, 72, 59, 234, 81, 130, 99, 41, 216, 175, 85, 0, 5, 241, 164, 190, 61, 251, 109, 218, 138, 112, 166, 86, 207, 6, 123, 135, 71, 173, 113, 235, 49, 213, 88, 122, 179, 120, 133, 117, 180, 34, 22, 58, 76, 40, 11, 156, 24, 146, 1, 247, 214, 139, 243, 149, 147, 160, 2, 52, 75, 73, 262, 205, 229, 182, 174, 194, 126, 259, 236, 153, 244, 230, 16, 74, 176]","[263, 162, 127, 101, 250, 233, 100, 161, 84, 254, 193, 98, 7, 148, 30, 187, 169, 51, 199, 143, 158, 12, 192, 240, 119, 129, 63, 68, 203, 246, 79, 150, 90, 23, 215, 211, 172, 209, 80, 67]"
14,12,0.01,1.0,0.0042007626,454,233.96387234025403,0.9960825964123442,410.7315254660525,0.9920340055800818,9.223097913085917,"[77, 66, 24, 44, 162, 91, 116, 111, 94, 177, 87, 117, 108, 115, 69, 121, 18, 142, 236, 202, 8, 148, 150, 209, 6, 88, 47, 26, 16, 160, 100, 51, 158, 175, 224, 35, 10, 153, 189, 49, 211, 225, 14, 54, 238, 102, 31, 219, 130, 174, 258, 106, 172, 155, 243, 166, 114, 58, 143, 7, 63, 93, 46, 161, 241, 126, 89, 164, 240, 233, 151, 186, 193, 39, 53, 118, 112, 157, 135, 228, 141, 105, 2, 198, 82, 201, 195, 165, 190, 242, 244, 73, 22, 109, 146, 36, 42, 110, 192, 140, 19, 168, 222, 245, 34, 212, 261, 152, 98, 136, 38, 28, 230, 95, 210, 262, 33, 55, 263, 76, 59, 50, 182, 86, 99, 72, 176, 56, 199, 171, 62, 194, 216, 103, 251, 163, 48, 119, 83, 145, 85, 260, 12, 97, 131, 113, 139, 221, 52, 144, 178, 132, 78, 226, 188, 92, 185, 74, 257, 252, 206, 21, 127, 169, 79, 184, 13, 239, 81, 237, 75, 57, 65, 147, 30, 45, 253, 191, 104, 71, 124, 1, 43, 218, 27, 187, 9, 159, 128, 17, 123, 173, 248, 68, 207, 67, 231, 232, 41, 101, 120, 37, 133, 84, 214, 0, 250, 259, 205, 4, 247, 32, 235, 246, 215, 25, 154, 61, 208, 138, 156, 234, 249, 107]","[5, 64, 255, 220, 167, 223, 137, 227, 122, 196, 170, 96, 70, 217, 203, 200, 40, 213, 183, 197, 23, 20, 11, 149, 179, 180, 134, 90, 125, 256, 181, 229, 80, 204, 254, 60, 3, 129, 29, 15]"
15,12,0.01,1.0,0.004146135,497,234.93969043555617,0.9958405337872918,294.2241089536265,0.9933203696809256,4.885859055664059,"[101, 260, 212, 204, 13, 129, 218, 189, 240, 132, 32, 216, 49, 200, 139, 202, 263, 161, 228, 91, 184, 182, 115, 5, 6, 8, 124, 12, 2, 59, 89, 134, 26, 9, 137, 164, 174, 55, 106, 226, 94, 40, 197, 148, 250, 262, 144, 80, 213, 97, 92, 43, 153, 47, 145, 111, 146, 121, 258, 158, 194, 243, 222, 25, 192, 71, 255, 109, 210, 253, 31, 57, 95, 256, 241, 72, 176, 165, 107, 138, 242, 131, 74, 244, 65, 11, 48, 52, 166, 3, 259, 68, 0, 113, 185, 116, 120, 125, 27, 63, 215, 227, 252, 61, 77, 247, 206, 136, 60, 100, 169, 190, 229, 34, 54, 123, 147, 108, 171, 232, 178, 82, 14, 35, 46, 172, 112, 73, 69, 173, 103, 163, 84, 28, 209, 70, 220, 249, 180, 16, 181, 90, 18, 87, 151, 248, 51, 81, 42, 130, 33, 195, 126, 110, 88, 76, 29, 254, 119, 214, 231, 83, 45, 238, 24, 135, 170, 66, 7, 4, 99, 261, 233, 207, 104, 191, 22, 168, 225, 41, 198, 53, 193, 50, 75, 162, 154, 257, 96, 251, 1, 177, 114, 56, 15, 102, 79, 157, 188, 205, 44, 19, 37, 39, 105, 196, 143, 10, 62, 160, 23, 159, 237, 17, 221, 175, 118, 85, 203, 199, 155, 156, 133, 245]","[246, 211, 78, 167, 140, 67, 236, 230, 224, 93, 239, 64, 234, 183, 38, 208, 30, 201, 187, 235, 21, 152, 223, 150, 58, 86, 142, 217, 141, 98, 117, 122, 149, 128, 219, 20, 36, 179, 186, 127]"
16,12,0.01,1.0,0.0041558133,500,224.69582832070768,0.9961088455680199,312.927029877898,0.9941036475827112,12.80114828906249,"[72, 156, 64, 39, 179, 186, 149, 199, 227, 243, 19, 256, 3, 9, 51, 105, 229, 192, 136, 181, 95, 35, 251, 163, 167, 33, 220, 249, 68, 166, 48, 56, 45, 11, 154, 5, 104, 79, 240, 132, 113, 184, 47, 259, 126, 73, 34, 175, 207, 202, 231, 155, 212, 176, 197, 58, 59, 112, 17, 20, 135, 218, 247, 13, 54, 254, 253, 141, 53, 2, 42, 152, 60, 219, 214, 232, 170, 215, 174, 94, 183, 144, 190, 211, 103, 66, 118, 82, 111, 142, 89, 194, 102, 204, 164, 98, 139, 81, 151, 63, 133, 75, 225, 55, 261, 50, 178, 49, 157, 191, 67, 122, 255, 235, 76, 263, 100, 153, 138, 43, 230, 258, 84, 125, 201, 237, 222, 131, 109, 143, 86, 57, 124, 161, 38, 97, 188, 150, 208, 106, 147, 91, 250, 120, 130, 4, 36, 80, 27, 196, 22, 257, 213, 248, 23, 92, 62, 24, 195, 129, 12, 234, 6, 171, 46, 210, 41, 119, 107, 88, 193, 146, 44, 185, 148, 18, 21, 200, 262, 16, 172, 241, 110, 15, 85, 242, 182, 223, 37, 14, 108, 127, 180, 40, 145, 228, 233, 165, 226, 8, 115, 236, 187, 114, 245, 28, 101, 128, 205, 93, 206, 244, 162, 74, 31, 65, 160, 116, 158, 123, 69, 121, 238, 169]","[260, 137, 134, 198, 173, 117, 32, 7, 159, 30, 99, 0, 203, 168, 189, 216, 224, 77, 10, 52, 239, 83, 217, 71, 246, 78, 221, 70, 252, 90, 1, 209, 177, 87, 29, 140, 61, 25, 96, 26]"
17,12,0.01,1.0,0.003995761,468,205.04776665222428,0.9961935192981504,510.375123851492,0.9916338409836943,8.41486453417968,"[0, 262, 82, 200, 38, 169, 139, 201, 130, 164, 159, 102, 71, 263, 13, 116, 189, 69, 126, 78, 170, 196, 203, 134, 9, 197, 161, 108, 198, 214, 19, 95, 220, 259, 260, 51, 86, 97, 34, 84, 4, 160, 221, 16, 128, 188, 167, 152, 75, 76, 3, 77, 22, 93, 144, 223, 245, 251, 124, 85, 87, 206, 136, 46, 162, 165, 73, 194, 173, 109, 103, 57, 67, 168, 234, 137, 88, 172, 258, 58, 236, 213, 257, 92, 183, 211, 176, 199, 158, 96, 171, 18, 90, 195, 150, 53, 155, 1, 120, 232, 216, 105, 5, 186, 187, 79, 148, 113, 157, 149, 55, 142, 210, 115, 181, 190, 23, 66, 204, 106, 52, 40, 132, 127, 129, 146, 252, 24, 14, 62, 35, 43, 65, 208, 45, 248, 193, 47, 33, 59, 99, 235, 74, 250, 119, 89, 107, 25, 145, 12, 21, 104, 135, 227, 224, 218, 163, 217, 36, 15, 117, 20, 192, 72, 239, 222, 231, 202, 110, 207, 243, 253, 91, 26, 249, 215, 123, 225, 179, 8, 228, 60, 49, 50, 83, 27, 56, 141, 121, 182, 44, 2, 246, 230, 133, 61, 32, 177, 229, 237, 256, 255, 30, 185, 254, 247, 166, 219, 6, 63, 131, 226, 10, 184, 41, 17, 238, 7, 39, 31, 240, 143, 241, 111]","[94, 174, 98, 11, 101, 81, 37, 138, 212, 233, 242, 209, 151, 48, 42, 68, 122, 180, 178, 64, 147, 205, 112, 28, 140, 153, 156, 175, 154, 54, 114, 244, 191, 100, 261, 118, 80, 70, 29, 125]"
18,12,0.01,1.0,0.004380277,500,218.23136136747715,0.9958931329338065,467.2299489395824,0.9912652456288272,7.0033886230468685,"[47, 91, 16, 220, 149, 116, 163, 3, 158, 6, 176, 263, 217, 82, 48, 194, 112, 25, 12, 44, 58, 160, 8, 18, 189, 88, 132, 4, 128, 161, 140, 54, 49, 213, 71, 134, 118, 227, 236, 2, 253, 42, 115, 55, 142, 30, 257, 121, 126, 187, 166, 63, 204, 248, 65, 90, 199, 45, 34, 1, 219, 167, 225, 10, 143, 62, 60, 173, 150, 214, 238, 135, 87, 108, 218, 61, 43, 154, 80, 224, 181, 171, 222, 260, 96, 27, 209, 122, 31, 168, 119, 37, 177, 130, 77, 252, 241, 46, 141, 240, 198, 259, 151, 145, 19, 170, 184, 148, 23, 76, 165, 231, 86, 243, 211, 92, 5, 196, 36, 72, 169, 216, 249, 20, 202, 228, 129, 185, 100, 239, 102, 117, 101, 206, 147, 84, 175, 250, 144, 179, 200, 78, 155, 7, 79, 104, 51, 83, 53, 69, 235, 113, 162, 28, 172, 261, 114, 180, 32, 230, 139, 38, 35, 26, 105, 237, 191, 99, 52, 67, 89, 22, 29, 153, 98, 247, 106, 11, 21, 159, 223, 156, 178, 131, 59, 15, 229, 186, 251, 205, 137, 93, 64, 146, 136, 13, 124, 255, 70, 14, 256, 73, 195, 193, 107, 68, 164, 183, 75, 245, 244, 138, 234, 262, 111, 85, 133, 226, 152, 66, 242, 174, 190, 120]","[201, 246, 95, 254, 210, 57, 188, 208, 9, 197, 207, 123, 233, 125, 258, 127, 17, 232, 192, 81, 94, 110, 182, 212, 40, 41, 39, 103, 33, 221, 215, 24, 50, 56, 203, 157, 97, 0, 109, 74]"
19,12,0.01,1.0,0.0043540355,490,235.97041179584946,0.9959083786667351,323.8036507311957,0.9929583449300452,7.200886449218762,"[16, 117, 136, 163, 197, 65, 34, 66, 176, 248, 168, 145, 115, 96, 40, 41, 158, 146, 254, 91, 170, 33, 95, 26, 174, 30, 202, 45, 156, 199, 253, 82, 143, 7, 178, 187, 189, 58, 235, 14, 239, 2, 226, 98, 59, 70, 237, 61, 42, 144, 210, 83, 36, 161, 27, 89, 132, 129, 131, 23, 6, 236, 78, 218, 24, 0, 141, 105, 152, 204, 38, 148, 252, 142, 151, 155, 18, 180, 234, 228, 258, 138, 68, 260, 94, 263, 185, 244, 118, 111, 214, 109, 56, 198, 200, 206, 247, 43, 5, 224, 262, 149, 134, 80, 51, 79, 150, 165, 29, 99, 73, 140, 84, 47, 25, 175, 77, 3, 193, 127, 125, 242, 213, 46, 216, 28, 192, 261, 147, 157, 76, 67, 112, 256, 52, 102, 257, 154, 223, 107, 116, 221, 126, 230, 246, 122, 48, 88, 169, 139, 186, 241, 21, 44, 106, 255, 63, 32, 259, 124, 191, 114, 233, 128, 229, 190, 123, 100, 11, 137, 183, 179, 153, 227, 219, 17, 212, 173, 177, 211, 12, 209, 238, 182, 196, 49, 160, 69, 240, 188, 104, 55, 57, 35, 53, 194, 113, 81, 220, 249, 101, 85, 4, 201, 203, 9, 71, 39, 208, 231, 15, 167, 108, 50, 86, 10, 97, 162, 22, 159, 19, 245, 110, 93]","[1, 243, 121, 103, 135, 207, 87, 54, 232, 250, 119, 90, 205, 171, 64, 133, 37, 20, 215, 251, 62, 172, 181, 75, 130, 120, 166, 8, 222, 164, 92, 72, 217, 74, 195, 184, 225, 13, 60, 31]"
20,12,0.01,1.0,0.0045862896,500,246.99102912055363,0.9956664715140543,278.8114930376463,0.9954896548257944,6.803694579101579,"[219, 135, 176, 239, 59, 72, 168, 104, 15, 109, 111, 47, 153, 263, 0, 213, 221, 197, 62, 214, 5, 21, 73, 89, 1, 77, 207, 147, 133, 66, 112, 44, 217, 167, 184, 175, 121, 50, 201, 192, 134, 46, 99, 64, 87, 178, 242, 193, 206, 166, 188, 23, 261, 196, 108, 11, 249, 160, 129, 232, 39, 2, 182, 76, 67, 189, 106, 31, 140, 95, 96, 74, 149, 177, 12, 100, 51, 183, 132, 65, 55, 195, 209, 45, 170, 156, 179, 84, 85, 198, 154, 97, 257, 35, 152, 116, 164, 68, 37, 86, 128, 260, 139, 49, 88, 30, 150, 143, 137, 41, 215, 250, 169, 57, 130, 69, 113, 126, 125, 165, 220, 56, 159, 14, 171, 155, 54, 256, 52, 151, 181, 9, 38, 254, 48, 19, 136, 36, 158, 127, 123, 60, 225, 211, 258, 17, 114, 161, 138, 115, 210, 82, 245, 212, 8, 216, 27, 4, 142, 22, 180, 70, 208, 247, 94, 42, 33, 93, 146, 24, 78, 191, 248, 173, 157, 259, 228, 199, 187, 262, 79, 227, 252, 43, 145, 236, 3, 18, 75, 246, 10, 32, 110, 222, 185, 83, 205, 61, 243, 202, 131, 25, 186, 203, 141, 26, 6, 226, 229, 7, 101, 105, 144, 190, 255, 230, 253, 251, 40, 118, 162, 71, 218, 223]","[238, 29, 80, 163, 119, 102, 224, 81, 103, 90, 194, 34, 241, 58, 13, 20, 235, 98, 231, 122, 117, 200, 92, 237, 16, 53, 234, 233, 120, 91, 244, 174, 240, 124, 28, 107, 204, 172, 63, 148]"
21,12,0.01,1.0,0.0068783965,466,314.52356618716175,0.9938330521628945,465.2128185957734,0.9904615993800039,14.020338999023448,"[21, 46, 199, 123, 17, 252, 106, 95, 75, 166, 210, 240, 150, 179, 114, 237, 111, 16, 197, 170, 154, 45, 91, 239, 146, 130, 2, 105, 42, 13, 85, 104, 243, 116, 77, 186, 19, 257, 177, 22, 139, 151, 157, 54, 216, 192, 245, 44, 26, 115, 14, 175, 156, 79, 228, 159, 215, 222, 258, 224, 220, 101, 211, 174, 43, 23, 93, 209, 108, 141, 99, 117, 88, 232, 7, 142, 127, 227, 251, 206, 36, 152, 143, 213, 78, 256, 56, 0, 138, 34, 214, 68, 73, 10, 262, 235, 225, 180, 41, 92, 38, 94, 3, 124, 182, 29, 155, 125, 149, 11, 190, 49, 65, 163, 67, 81, 89, 74, 86, 31, 32, 221, 27, 165, 51, 1, 144, 113, 57, 173, 231, 162, 205, 96, 39, 250, 171, 234, 167, 47, 195, 64, 107, 126, 25, 24, 103, 178, 58, 8, 33, 71, 121, 66, 181, 201, 63, 223, 200, 248, 160, 153, 203, 30, 76, 132, 118, 185, 69, 236, 128, 109, 208, 137, 28, 90, 212, 134, 15, 82, 12, 161, 219, 112, 35, 80, 5, 53, 247, 226, 249, 50, 198, 18, 229, 244, 133, 169, 184, 204, 119, 148, 59, 84, 230, 100, 238, 261, 122, 246, 233, 61, 172, 191, 110, 72, 202, 241, 98, 188, 120, 48, 260, 207]","[158, 164, 70, 145, 87, 176, 4, 217, 102, 183, 83, 189, 168, 60, 129, 259, 40, 6, 37, 20, 140, 253, 193, 131, 55, 263, 242, 135, 52, 147, 136, 62, 187, 9, 196, 254, 255, 218, 97, 194]"
22,12,0.01,1.0,0.0054764454,498,242.0947451383297,0.9949469957074452,454.2242612596646,0.991282272127013,13.033000265625049,"[174, 207, 193, 71, 28, 225, 94, 205, 191, 50, 164, 200, 248, 110, 49, 95, 229, 107, 209, 247, 151, 90, 2, 20, 123, 158, 75, 30, 176, 235, 140, 55, 242, 218, 40, 144, 18, 153, 241, 258, 3, 150, 226, 117, 54, 51, 254, 59, 163, 159, 213, 148, 206, 76, 182, 198, 98, 256, 184, 161, 87, 82, 99, 165, 37, 124, 196, 263, 13, 86, 245, 6, 74, 135, 227, 31, 192, 239, 212, 186, 177, 25, 43, 102, 91, 1, 172, 72, 223, 211, 10, 92, 24, 44, 125, 66, 118, 190, 208, 224, 39, 22, 154, 220, 9, 243, 64, 35, 142, 104, 11, 126, 214, 204, 180, 42, 246, 34, 120, 170, 171, 16, 228, 197, 127, 221, 68, 4, 21, 143, 255, 33, 63, 201, 236, 261, 185, 0, 69, 57, 70, 183, 109, 5, 106, 62, 244, 152, 136, 189, 17, 88, 80, 181, 89, 160, 156, 188, 79, 134, 195, 96, 157, 233, 100, 115, 131, 230, 145, 251, 137, 53, 108, 149, 217, 65, 187, 257, 48, 60, 58, 83, 215, 175, 129, 113, 47, 238, 116, 203, 52, 141, 222, 139, 105, 237, 234, 23, 103, 155, 7, 219, 194, 19, 147, 121, 38, 81, 210, 29, 162, 262, 27, 111, 133, 168, 8, 93, 45, 252, 14, 146, 84, 132]","[12, 178, 112, 122, 179, 101, 46, 130, 61, 56, 232, 128, 167, 240, 216, 173, 26, 249, 15, 32, 78, 67, 202, 138, 77, 169, 36, 114, 231, 85, 253, 199, 97, 41, 73, 260, 119, 259, 250, 166]"
23,12,0.01,1.0,0.004844627,499,241.91283447849855,0.9957907098244594,429.6910764280487,0.9938111810982694,15.167012042968754,"[44, 109, 225, 77, 228, 181, 131, 154, 137, 135, 75, 8, 64, 158, 73, 86, 128, 114, 132, 176, 259, 240, 244, 67, 224, 263, 107, 145, 18, 54, 76, 255, 120, 208, 24, 95, 152, 134, 156, 52, 30, 167, 220, 227, 108, 209, 231, 188, 17, 72, 33, 20, 191, 97, 10, 168, 92, 101, 234, 180, 81, 126, 262, 189, 146, 201, 250, 3, 112, 182, 141, 99, 175, 235, 88, 117, 124, 238, 45, 59, 2, 246, 87, 84, 236, 63, 198, 53, 199, 89, 159, 196, 212, 34, 140, 61, 138, 163, 226, 157, 130, 200, 155, 111, 242, 174, 9, 102, 144, 165, 7, 133, 178, 113, 221, 193, 139, 207, 91, 104, 219, 85, 50, 218, 93, 4, 223, 42, 29, 106, 23, 216, 195, 233, 215, 169, 37, 26, 241, 1, 11, 100, 247, 160, 136, 245, 150, 68, 205, 243, 170, 71, 43, 62, 27, 183, 66, 70, 80, 78, 210, 142, 204, 98, 32, 254, 149, 0, 206, 94, 260, 166, 22, 60, 13, 56, 35, 125, 202, 249, 25, 118, 186, 211, 103, 214, 15, 171, 116, 129, 65, 36, 143, 258, 187, 161, 147, 57, 190, 257, 79, 41, 48, 21, 251, 192, 197, 213, 203, 194, 49, 12, 173, 123, 6, 179, 153, 90, 39, 237, 31, 40, 230, 83]","[96, 248, 229, 148, 110, 232, 252, 172, 105, 217, 14, 119, 55, 69, 28, 82, 47, 58, 151, 256, 261, 38, 253, 162, 164, 5, 46, 185, 51, 184, 16, 19, 127, 177, 121, 115, 239, 74, 222, 122]"
24,12,0.01,1.0,0.004027681,485,225.1096797556585,0.9962139034455256,340.6621398430008,0.9940029449258457,8.175974149414055,"[79, 136, 77, 14, 171, 178, 155, 64, 127, 186, 26, 122, 131, 258, 126, 218, 168, 222, 48, 29, 190, 255, 240, 204, 102, 200, 157, 262, 169, 183, 251, 210, 254, 172, 226, 103, 162, 11, 125, 115, 196, 54, 144, 147, 193, 216, 121, 252, 5, 108, 69, 184, 146, 219, 47, 203, 113, 130, 201, 22, 165, 1, 187, 71, 179, 256, 16, 139, 189, 197, 2, 112, 152, 205, 260, 101, 53, 214, 88, 62, 31, 49, 81, 180, 239, 66, 161, 104, 83, 30, 181, 58, 17, 93, 174, 259, 52, 242, 233, 212, 57, 138, 6, 185, 238, 9, 156, 39, 59, 228, 220, 20, 247, 150, 143, 148, 116, 21, 245, 37, 89, 141, 80, 92, 38, 151, 160, 50, 43, 166, 117, 36, 35, 213, 208, 140, 95, 44, 24, 106, 202, 98, 90, 32, 236, 249, 199, 230, 42, 253, 23, 105, 8, 206, 67, 191, 167, 85, 94, 75, 34, 86, 96, 45, 182, 164, 107, 194, 149, 257, 110, 246, 120, 170, 211, 188, 133, 7, 173, 56, 41, 10, 234, 132, 3, 243, 225, 27, 263, 250, 74, 217, 175, 118, 65, 46, 134, 209, 97, 70, 55, 60, 261, 33, 248, 12, 128, 28, 223, 237, 163, 153, 135, 119, 18, 73, 231, 227, 4, 207, 123, 129, 145, 192]","[177, 78, 229, 137, 244, 72, 109, 221, 114, 51, 111, 40, 15, 76, 158, 235, 19, 224, 215, 63, 84, 159, 176, 232, 25, 124, 154, 87, 91, 241, 142, 0, 13, 68, 195, 198, 100, 82, 99, 61]"
25,12,0.01,1.0,0.0046491004,442,250.21225703439782,0.9958289779054013,328.1672985742197,0.9945583610430635,12.0570022919922,"[66, 40, 237, 206, 119, 56, 163, 233, 26, 81, 117, 31, 107, 43, 148, 34, 10, 248, 124, 189, 120, 113, 172, 75, 32, 123, 134, 205, 126, 217, 257, 41, 49, 70, 105, 68, 220, 215, 121, 91, 118, 35, 97, 28, 246, 224, 182, 85, 21, 82, 42, 125, 93, 204, 211, 208, 59, 38, 69, 114, 94, 96, 184, 198, 23, 7, 170, 203, 89, 218, 235, 262, 87, 74, 100, 63, 187, 102, 8, 192, 18, 108, 65, 169, 222, 54, 247, 0, 135, 179, 193, 112, 229, 162, 99, 101, 20, 242, 141, 209, 103, 64, 86, 263, 52, 25, 191, 149, 80, 16, 128, 72, 180, 55, 33, 27, 186, 221, 83, 195, 140, 175, 127, 29, 17, 200, 139, 147, 110, 164, 212, 95, 230, 79, 9, 152, 173, 178, 44, 207, 67, 62, 53, 46, 13, 157, 181, 115, 174, 249, 39, 76, 196, 15, 190, 71, 210, 51, 234, 226, 165, 14, 145, 202, 61, 90, 171, 2, 11, 22, 238, 57, 5, 130, 116, 166, 104, 158, 98, 232, 92, 146, 177, 219, 214, 243, 106, 239, 60, 138, 160, 137, 36, 213, 50, 109, 236, 144, 201, 47, 48, 261, 150, 1, 131, 45, 84, 250, 183, 88, 3, 167, 129, 197, 244, 159, 259, 156, 136, 253, 151, 255, 143, 132]","[73, 223, 240, 168, 188, 24, 4, 37, 241, 155, 154, 227, 216, 78, 12, 176, 199, 142, 6, 258, 19, 252, 256, 254, 161, 122, 260, 245, 228, 194, 185, 225, 231, 251, 153, 30, 111, 58, 133, 77]"
26,12,0.01,1.0,0.00551684,500,269.62320617843847,0.9948686160204104,440.3931351915398,0.9921154767940542,10.768866157226546,"[249, 232, 237, 181, 166, 34, 261, 26, 254, 21, 193, 240, 108, 179, 197, 161, 53, 85, 42, 126, 198, 191, 120, 206, 87, 222, 0, 100, 189, 202, 164, 98, 80, 124, 195, 2, 252, 225, 159, 67, 171, 233, 208, 60, 74, 125, 215, 65, 141, 212, 1, 122, 90, 35, 20, 205, 174, 244, 105, 5, 32, 9, 199, 148, 104, 224, 182, 129, 251, 55, 133, 95, 138, 234, 242, 66, 10, 209, 243, 43, 28, 97, 18, 127, 118, 236, 113, 153, 13, 256, 250, 165, 4, 29, 201, 8, 69, 91, 260, 17, 192, 107, 246, 6, 88, 152, 36, 144, 73, 247, 231, 37, 41, 38, 89, 253, 62, 75, 49, 185, 137, 184, 109, 155, 15, 132, 177, 39, 3, 172, 68, 134, 259, 178, 163, 214, 196, 203, 218, 200, 162, 210, 33, 123, 7, 106, 86, 213, 176, 23, 11, 64, 57, 59, 22, 101, 24, 207, 54, 220, 121, 63, 229, 186, 150, 40, 46, 221, 140, 167, 227, 52, 79, 263, 173, 119, 96, 78, 128, 168, 70, 112, 255, 187, 145, 44, 81, 156, 99, 51, 157, 147, 83, 76, 114, 188, 239, 16, 241, 12, 117, 47, 82, 56, 219, 175, 230, 151, 238, 170, 143, 158, 149, 216, 110, 180, 217, 115, 183, 160, 77, 211, 102, 262]","[245, 116, 226, 223, 93, 25, 130, 58, 111, 103, 61, 136, 48, 194, 142, 45, 204, 71, 135, 92, 154, 139, 258, 72, 248, 146, 235, 19, 190, 50, 84, 131, 31, 27, 30, 228, 257, 169, 94, 14]"
27,12,0.01,1.0,0.0052638454,481,261.4193717345033,0.9951707844170655,338.9939127431807,0.9928904100743811,11.247000559570314,"[9, 125, 206, 49, 58, 223, 89, 12, 95, 139, 115, 69, 129, 101, 234, 195, 78, 255, 27, 105, 232, 208, 154, 126, 106, 183, 70, 40, 152, 169, 258, 155, 156, 0, 55, 252, 239, 217, 157, 193, 214, 116, 43, 121, 224, 231, 140, 216, 123, 56, 68, 197, 13, 172, 90, 30, 120, 110, 221, 86, 77, 150, 131, 137, 219, 11, 200, 246, 249, 237, 57, 145, 213, 161, 186, 18, 194, 72, 107, 5, 185, 233, 173, 94, 247, 241, 160, 262, 20, 35, 235, 111, 36, 209, 76, 143, 164, 212, 92, 132, 47, 244, 22, 166, 230, 147, 130, 149, 6, 87, 117, 42, 144, 250, 128, 91, 124, 82, 256, 45, 236, 202, 259, 175, 162, 80, 114, 205, 248, 254, 257, 261, 84, 163, 245, 167, 44, 260, 102, 46, 26, 14, 67, 188, 228, 207, 41, 226, 1, 75, 112, 220, 243, 108, 50, 34, 189, 153, 64, 7, 60, 196, 16, 73, 29, 100, 136, 28, 135, 96, 215, 17, 81, 52, 151, 23, 181, 263, 253, 133, 179, 99, 176, 242, 66, 33, 53, 104, 187, 39, 98, 93, 71, 62, 238, 118, 218, 3, 204, 51, 85, 32, 79, 15, 83, 159, 182, 190, 4, 177, 138, 174, 225, 170, 191, 127, 2, 141, 25, 24, 240, 31, 184, 19]","[210, 113, 74, 122, 199, 10, 88, 97, 119, 168, 59, 192, 103, 48, 142, 8, 109, 165, 171, 251, 203, 198, 222, 158, 63, 178, 65, 38, 180, 37, 146, 201, 148, 211, 227, 134, 21, 54, 61, 229]"
28,12,0.01,1.0,0.00468661,479,257.5247200032709,0.9957888018017805,281.853047246247,0.9948308891892675,14.207317804687516,"[111, 99, 61, 124, 84, 231, 50, 163, 178, 166, 211, 146, 252, 155, 142, 191, 137, 113, 208, 138, 263, 54, 186, 24, 174, 183, 158, 215, 223, 135, 210, 0, 62, 154, 239, 157, 66, 177, 21, 221, 241, 36, 69, 88, 238, 23, 108, 105, 228, 133, 119, 19, 90, 236, 131, 128, 230, 33, 22, 56, 76, 120, 161, 100, 59, 243, 189, 134, 18, 13, 70, 11, 240, 38, 52, 14, 199, 112, 218, 122, 190, 9, 255, 234, 126, 244, 35, 187, 79, 235, 44, 150, 30, 64, 42, 16, 27, 85, 37, 247, 176, 77, 237, 81, 115, 92, 200, 82, 123, 98, 256, 46, 164, 48, 261, 144, 8, 3, 57, 214, 43, 110, 40, 93, 101, 39, 147, 222, 34, 153, 213, 107, 151, 196, 148, 6, 91, 103, 209, 55, 167, 245, 20, 29, 249, 106, 95, 194, 41, 201, 251, 205, 71, 225, 139, 83, 229, 72, 203, 232, 253, 262, 31, 212, 102, 188, 2, 125, 86, 132, 175, 25, 130, 10, 17, 217, 145, 202, 1, 193, 58, 80, 116, 185, 12, 195, 160, 97, 204, 172, 258, 250, 4, 26, 143, 109, 28, 104, 68, 198, 165, 254, 224, 179, 162, 60, 45, 206, 118, 129, 7, 216, 220, 171, 242, 94, 152, 192, 140, 87, 259, 32, 5, 257]","[53, 248, 65, 117, 197, 67, 121, 207, 170, 127, 15, 246, 168, 114, 96, 63, 159, 47, 149, 156, 184, 89, 173, 182, 141, 181, 260, 233, 226, 169, 49, 75, 180, 74, 51, 227, 136, 78, 73, 219]"
29,12,0.01,1.0,0.0048253774,499,232.30395263368032,0.9954833356109444,419.9183134919385,0.9907450604426543,7.215875814453113,"[136, 145, 22, 79, 137, 101, 173, 90, 116, 80, 113, 41, 220, 216, 249, 61, 38, 226, 126, 143, 227, 242, 31, 28, 213, 258, 43, 259, 72, 27, 141, 147, 89, 109, 183, 128, 194, 228, 186, 124, 161, 45, 105, 138, 25, 180, 7, 221, 48, 158, 12, 233, 114, 96, 51, 108, 189, 76, 21, 57, 117, 225, 42, 74, 36, 232, 254, 93, 157, 103, 119, 252, 129, 244, 263, 190, 112, 238, 200, 106, 70, 142, 10, 35, 62, 182, 246, 156, 219, 111, 135, 196, 139, 39, 224, 83, 68, 87, 125, 88, 172, 49, 239, 261, 140, 73, 257, 235, 133, 77, 207, 231, 52, 91, 0, 97, 260, 248, 222, 65, 17, 95, 19, 71, 120, 131, 168, 178, 18, 85, 234, 214, 6, 55, 162, 100, 229, 177, 92, 54, 171, 9, 14, 166, 86, 256, 191, 33, 154, 243, 203, 199, 46, 67, 170, 179, 165, 201, 16, 237, 184, 4, 115, 132, 163, 47, 188, 217, 255, 192, 121, 107, 29, 44, 187, 84, 134, 59, 209, 118, 20, 193, 240, 1, 104, 66, 230, 208, 50, 32, 212, 159, 23, 205, 150, 13, 26, 78, 204, 174, 123, 3, 24, 11, 160, 195, 58, 223, 167, 102, 15, 130, 164, 64, 151, 206, 148, 69, 155, 241, 94, 211, 34, 236]","[251, 215, 262, 218, 250, 60, 56, 40, 146, 181, 75, 202, 122, 247, 197, 110, 2, 169, 210, 245, 149, 175, 81, 127, 53, 99, 144, 63, 5, 153, 253, 8, 176, 152, 30, 198, 37, 82, 98, 185]"
30,12,0.01,1.0,0.0038709473,500,224.33418461178874,0.9963362016607226,357.6889760023187,0.9934209183777368,5.734359770507842,"[248, 85, 152, 114, 76, 212, 40, 214, 245, 23, 48, 208, 41, 96, 197, 88, 225, 171, 129, 252, 166, 24, 77, 21, 194, 54, 92, 255, 50, 146, 211, 190, 254, 97, 149, 130, 110, 36, 109, 25, 176, 128, 112, 183, 47, 220, 242, 142, 37, 198, 221, 240, 136, 89, 65, 181, 187, 100, 6, 101, 5, 61, 162, 17, 263, 0, 126, 12, 99, 3, 224, 133, 139, 7, 2, 259, 84, 174, 210, 72, 150, 258, 42, 106, 234, 160, 262, 121, 66, 31, 32, 125, 38, 207, 56, 86, 68, 94, 73, 117, 81, 82, 14, 209, 215, 132, 70, 170, 143, 135, 141, 83, 30, 74, 233, 191, 250, 115, 217, 202, 124, 246, 205, 157, 201, 29, 196, 241, 226, 159, 147, 80, 108, 236, 253, 71, 45, 200, 58, 261, 107, 79, 193, 10, 127, 235, 98, 4, 243, 9, 33, 222, 16, 184, 169, 179, 188, 28, 43, 34, 189, 44, 52, 49, 158, 19, 232, 206, 154, 105, 69, 119, 182, 153, 168, 22, 164, 167, 175, 120, 237, 137, 39, 230, 203, 165, 172, 95, 75, 104, 185, 78, 91, 186, 113, 156, 55, 161, 178, 13, 228, 151, 15, 11, 249, 64, 173, 46, 27, 62, 134, 144, 204, 102, 116, 244, 257, 18, 163, 177, 131, 145, 251, 140]","[90, 231, 1, 59, 35, 256, 53, 223, 26, 103, 60, 192, 67, 218, 87, 111, 247, 93, 20, 148, 216, 227, 63, 51, 199, 219, 239, 195, 180, 123, 57, 8, 213, 122, 229, 138, 118, 238, 260, 155]"
31,12,0.01,1.0,0.0044310167,500,253.48059732926686,0.9957686308981009,399.2493790876043,0.9930689754194416,8.434525872070328,"[139, 71, 80, 96, 254, 220, 173, 84, 74, 129, 79, 126, 197, 192, 12, 109, 202, 70, 239, 59, 63, 45, 211, 237, 102, 181, 235, 10, 225, 105, 117, 141, 114, 36, 18, 2, 69, 22, 247, 240, 166, 189, 110, 233, 49, 131, 136, 186, 21, 108, 43, 37, 137, 142, 164, 14, 0, 130, 61, 245, 195, 83, 13, 262, 236, 48, 180, 149, 143, 257, 121, 256, 77, 15, 47, 40, 187, 35, 183, 213, 246, 85, 64, 188, 86, 118, 50, 72, 231, 255, 23, 263, 66, 19, 157, 65, 67, 30, 205, 127, 128, 134, 147, 57, 3, 44, 209, 38, 31, 135, 165, 4, 125, 39, 101, 204, 123, 162, 34, 224, 260, 27, 78, 222, 148, 201, 150, 60, 5, 158, 232, 179, 124, 75, 217, 94, 90, 261, 178, 244, 42, 223, 191, 132, 9, 93, 133, 29, 168, 190, 51, 228, 208, 154, 26, 243, 242, 163, 104, 115, 112, 206, 226, 11, 238, 160, 250, 119, 24, 198, 140, 76, 174, 185, 169, 218, 97, 1, 177, 58, 116, 216, 229, 52, 155, 106, 193, 159, 120, 111, 103, 152, 248, 234, 99, 182, 203, 172, 253, 212, 113, 138, 241, 156, 107, 259, 81, 25, 146, 82, 6, 46, 170, 122, 92, 230, 221, 252, 28, 151, 98, 16, 87, 210]","[251, 215, 89, 33, 95, 55, 171, 175, 91, 17, 207, 144, 68, 32, 54, 214, 8, 227, 161, 200, 62, 167, 41, 20, 196, 73, 249, 219, 176, 184, 56, 145, 258, 88, 153, 194, 7, 100, 53, 199]"
32,12,0.01,1.0,0.004587761,500,243.16138337798833,0.9957396994238868,336.7216774905973,0.9923655107646374,7.994321181640624,"[227, 182, 190, 103, 194, 18, 75, 101, 195, 54, 72, 46, 191, 15, 2, 66, 29, 117, 232, 21, 87, 121, 169, 153, 27, 34, 32, 248, 261, 164, 131, 26, 165, 210, 255, 39, 130, 213, 99, 93, 214, 135, 55, 113, 137, 116, 22, 219, 115, 96, 154, 19, 188, 73, 144, 156, 79, 86, 140, 133, 60, 40, 127, 57, 31, 109, 200, 10, 171, 104, 5, 225, 202, 181, 216, 37, 237, 67, 12, 13, 149, 114, 16, 241, 123, 148, 258, 263, 180, 58, 38, 41, 205, 30, 102, 184, 172, 229, 183, 59, 36, 128, 47, 1, 107, 48, 143, 6, 97, 63, 69, 177, 83, 207, 49, 220, 240, 136, 238, 223, 122, 112, 259, 198, 192, 160, 170, 95, 119, 199, 246, 256, 145, 124, 168, 239, 106, 70, 7, 76, 147, 193, 129, 206, 53, 78, 126, 0, 159, 51, 186, 189, 125, 142, 25, 146, 80, 204, 187, 81, 84, 176, 68, 105, 98, 243, 203, 262, 175, 226, 111, 152, 173, 217, 61, 163, 74, 50, 211, 208, 158, 235, 196, 94, 110, 134, 257, 64, 90, 221, 52, 157, 218, 120, 254, 62, 11, 77, 166, 197, 185, 242, 100, 178, 212, 138, 82, 42, 24, 35, 162, 65, 3, 209, 139, 4, 9, 234, 89, 71, 252, 88, 43, 215]","[85, 44, 253, 249, 14, 8, 45, 161, 56, 108, 230, 151, 236, 245, 231, 141, 228, 17, 233, 201, 179, 91, 28, 222, 247, 132, 20, 23, 174, 92, 250, 244, 260, 118, 251, 33, 150, 155, 167, 224]"
33,12,0.01,1.0,0.005224758,484,270.28269287775714,0.9953407825290391,456.1051811775842,0.9938247398590151,17.412436137695273,"[261, 92, 93, 217, 169, 185, 145, 218, 15, 11, 236, 69, 116, 148, 29, 183, 221, 225, 243, 44, 54, 152, 189, 263, 247, 128, 202, 89, 42, 219, 186, 70, 237, 137, 24, 258, 76, 234, 14, 136, 194, 184, 50, 188, 144, 198, 82, 182, 224, 227, 75, 168, 91, 181, 187, 62, 204, 208, 103, 162, 71, 173, 126, 222, 246, 22, 223, 135, 112, 193, 197, 9, 6, 257, 192, 171, 127, 90, 250, 174, 228, 115, 229, 120, 157, 65, 73, 18, 167, 12, 155, 191, 165, 134, 130, 129, 248, 79, 98, 133, 109, 212, 154, 100, 2, 141, 119, 111, 241, 178, 235, 214, 39, 164, 63, 21, 30, 5, 254, 3, 37, 41, 132, 74, 51, 28, 48, 206, 105, 238, 32, 43, 19, 96, 199, 59, 46, 107, 113, 86, 124, 58, 230, 13, 213, 0, 72, 251, 123, 196, 179, 245, 233, 52, 10, 40, 156, 253, 143, 175, 161, 97, 36, 49, 190, 1, 60, 203, 55, 53, 158, 114, 78, 25, 180, 176, 160, 26, 121, 240, 131, 209, 210, 226, 67, 138, 7, 83, 99, 259, 23, 147, 232, 88, 84, 16, 256, 106, 239, 80, 150, 139, 140, 231, 122, 172, 31, 77, 33, 35, 45, 170, 252, 142, 211, 61, 102, 195, 57, 201, 146, 66, 216, 20]","[200, 207, 249, 260, 38, 242, 110, 151, 205, 215, 17, 95, 153, 104, 255, 94, 47, 56, 64, 149, 87, 85, 68, 101, 163, 262, 125, 159, 220, 81, 108, 8, 4, 244, 117, 27, 177, 166, 34, 118]"
34,12,0.01,1.0,0.0042095175,491,224.36164575581992,0.9961233293020927,363.98892948070767,0.9916718695813275,7.668259341796886,"[123, 153, 142, 138, 253, 197, 104, 26, 204, 28, 189, 92, 50, 161, 249, 221, 97, 174, 262, 4, 135, 222, 169, 209, 152, 195, 74, 65, 187, 199, 55, 93, 71, 242, 24, 113, 250, 125, 214, 188, 69, 111, 211, 200, 217, 128, 46, 143, 83, 91, 171, 25, 168, 7, 175, 258, 79, 183, 8, 225, 228, 140, 60, 81, 57, 64, 115, 108, 32, 235, 196, 41, 68, 9, 86, 194, 259, 12, 51, 33, 245, 56, 73, 226, 160, 45, 39, 239, 87, 156, 54, 192, 49, 202, 150, 134, 193, 154, 119, 162, 159, 231, 88, 237, 167, 238, 48, 207, 256, 78, 132, 95, 129, 16, 15, 114, 101, 263, 181, 201, 240, 103, 251, 261, 184, 17, 257, 247, 59, 6, 11, 61, 178, 149, 218, 260, 107, 198, 145, 243, 163, 98, 44, 210, 0, 165, 99, 244, 1, 13, 176, 223, 36, 100, 121, 94, 120, 136, 215, 141, 137, 23, 38, 230, 241, 172, 205, 185, 90, 84, 219, 31, 116, 43, 224, 70, 66, 216, 166, 190, 58, 105, 34, 203, 170, 186, 37, 130, 164, 77, 106, 126, 236, 212, 109, 42, 72, 232, 191, 21, 213, 19, 179, 148, 5, 62, 96, 229, 20, 118, 117, 102, 255, 248, 89, 29, 18, 157, 206, 139, 35, 85, 246, 122]","[2, 252, 131, 146, 112, 208, 147, 234, 182, 63, 220, 180, 47, 40, 30, 14, 27, 227, 76, 110, 254, 233, 75, 10, 67, 133, 144, 52, 173, 158, 80, 124, 3, 151, 127, 22, 53, 82, 177, 155]"
35,12,0.01,1.0,0.0044887345,500,238.9189342283128,0.9958822257525829,349.0318511988266,0.9938174130983166,9.861556773437467,"[209, 250, 104, 244, 152, 10, 64, 113, 157, 130, 38, 136, 84, 22, 66, 221, 254, 146, 124, 234, 195, 14, 72, 12, 150, 230, 88, 117, 140, 120, 77, 177, 135, 101, 204, 241, 165, 43, 102, 186, 28, 237, 171, 94, 226, 49, 92, 81, 47, 129, 187, 83, 89, 7, 21, 36, 46, 252, 155, 159, 31, 205, 174, 121, 188, 179, 193, 223, 61, 210, 167, 251, 161, 141, 30, 163, 198, 69, 13, 137, 58, 6, 40, 178, 15, 145, 256, 112, 42, 103, 96, 220, 32, 114, 53, 34, 203, 91, 132, 236, 79, 258, 206, 212, 75, 246, 51, 105, 153, 260, 50, 123, 213, 24, 99, 52, 65, 175, 35, 4, 107, 37, 73, 116, 11, 128, 164, 168, 5, 108, 48, 60, 118, 247, 54, 62, 110, 63, 8, 26, 16, 228, 20, 185, 41, 119, 224, 194, 191, 154, 100, 93, 156, 2, 151, 82, 148, 147, 245, 211, 238, 218, 214, 243, 196, 44, 122, 29, 67, 262, 180, 173, 90, 144, 225, 240, 248, 85, 18, 162, 170, 160, 227, 255, 202, 190, 1, 253, 125, 208, 134, 257, 197, 39, 216, 59, 45, 9, 239, 19, 131, 149, 111, 242, 189, 76, 233, 192, 56, 55, 219, 126, 172, 222, 183, 57, 200, 184, 259, 139, 232, 249, 33, 201]","[207, 97, 182, 142, 115, 23, 166, 229, 143, 263, 199, 235, 17, 127, 176, 3, 74, 70, 217, 181, 68, 71, 133, 25, 138, 231, 80, 87, 98, 109, 27, 106, 261, 158, 0, 95, 169, 78, 215, 86]"
36,12,0.01,1.0,0.004540418,500,241.95591444754794,0.9957819257841605,256.36614192292393,0.9938694616754014,8.582752791992169,"[143, 48, 62, 138, 61, 160, 240, 109, 145, 50, 13, 104, 247, 102, 189, 78, 51, 54, 122, 262, 188, 2, 57, 131, 172, 89, 253, 37, 63, 214, 33, 190, 85, 258, 123, 80, 64, 77, 182, 230, 16, 221, 246, 93, 8, 130, 17, 92, 6, 23, 65, 237, 207, 27, 139, 178, 255, 209, 154, 200, 132, 185, 52, 171, 208, 96, 245, 120, 128, 99, 58, 4, 86, 19, 46, 55, 227, 179, 241, 204, 110, 7, 29, 187, 220, 228, 15, 73, 210, 212, 75, 238, 155, 42, 3, 146, 125, 66, 38, 107, 39, 79, 90, 176, 119, 59, 5, 118, 193, 194, 84, 199, 259, 41, 140, 153, 47, 126, 218, 40, 197, 170, 249, 116, 151, 224, 111, 184, 235, 201, 94, 68, 22, 100, 231, 0, 9, 183, 239, 252, 191, 248, 11, 136, 195, 70, 144, 261, 129, 101, 87, 135, 152, 159, 166, 115, 175, 60, 263, 168, 43, 113, 112, 233, 158, 32, 72, 108, 20, 134, 234, 219, 196, 26, 81, 177, 257, 36, 148, 18, 82, 88, 127, 147, 103, 206, 202, 192, 229, 117, 169, 24, 67, 25, 95, 174, 260, 165, 141, 21, 173, 30, 121, 205, 243, 83, 142, 164, 124, 244, 254, 105, 1, 31, 150, 256, 198, 223, 91, 137, 250, 161, 98, 133]","[149, 114, 203, 14, 211, 217, 76, 45, 97, 69, 35, 28, 163, 215, 226, 222, 34, 186, 53, 232, 181, 216, 225, 157, 213, 44, 242, 167, 162, 156, 71, 236, 49, 106, 74, 12, 251, 180, 10, 56]"
37,12,0.01,1.0,0.005881264,500,261.76160470922224,0.994809232207675,415.50772489085796,0.9929748633239095,13.149729156250004,"[48, 113, 32, 204, 93, 214, 171, 6, 121, 20, 27, 138, 262, 224, 83, 221, 260, 103, 155, 81, 189, 150, 213, 188, 235, 72, 247, 134, 143, 67, 219, 256, 132, 37, 108, 12, 124, 263, 94, 74, 160, 210, 78, 145, 240, 169, 70, 14, 233, 146, 220, 82, 192, 125, 104, 112, 151, 69, 59, 91, 10, 193, 75, 13, 127, 117, 136, 180, 259, 34, 118, 244, 92, 258, 231, 23, 218, 191, 45, 185, 5, 123, 1, 187, 141, 168, 95, 44, 166, 86, 222, 24, 209, 0, 176, 18, 85, 147, 9, 154, 64, 31, 137, 157, 161, 257, 21, 39, 29, 84, 41, 73, 248, 79, 186, 11, 144, 234, 237, 207, 158, 33, 107, 57, 228, 223, 49, 194, 77, 174, 105, 162, 36, 25, 87, 111, 106, 199, 173, 227, 100, 170, 153, 252, 52, 56, 119, 167, 80, 135, 65, 225, 184, 61, 203, 183, 128, 217, 230, 60, 47, 98, 115, 198, 179, 245, 149, 43, 54, 205, 116, 242, 109, 28, 196, 50, 164, 15, 139, 35, 246, 148, 211, 129, 182, 142, 53, 206, 7, 126, 159, 58, 195, 89, 226, 239, 156, 51, 130, 99, 202, 241, 152, 19, 26, 88, 17, 90, 140, 46, 216, 76, 178, 131, 232, 8, 62, 215, 63, 42, 163, 122, 22, 251]","[2, 250, 243, 96, 55, 201, 102, 253, 212, 133, 261, 172, 177, 30, 68, 110, 3, 181, 190, 4, 71, 38, 40, 255, 229, 249, 254, 238, 114, 120, 175, 208, 101, 200, 66, 165, 16, 197, 236, 97]"
38,12,0.01,1.0,0.005605232,500,295.2474759791733,0.9947719425395786,347.0990092934771,0.9927260206839357,9.402792836914085,"[112, 236, 90, 254, 80, 179, 210, 103, 100, 252, 211, 245, 247, 7, 54, 115, 172, 238, 25, 117, 22, 235, 215, 84, 190, 193, 232, 85, 153, 113, 28, 212, 73, 14, 196, 249, 177, 242, 228, 58, 46, 16, 221, 191, 40, 255, 208, 34, 71, 49, 133, 176, 4, 198, 39, 144, 1, 213, 263, 183, 122, 167, 169, 109, 220, 234, 207, 229, 57, 69, 260, 180, 15, 116, 124, 178, 37, 200, 129, 173, 186, 261, 138, 150, 139, 248, 121, 230, 81, 82, 166, 182, 66, 106, 92, 233, 188, 9, 83, 31, 140, 13, 62, 17, 44, 76, 136, 218, 94, 63, 128, 24, 197, 5, 160, 251, 2, 32, 165, 98, 127, 227, 88, 185, 184, 163, 142, 86, 45, 42, 171, 143, 152, 108, 239, 64, 61, 226, 36, 119, 253, 231, 209, 60, 38, 192, 102, 131, 19, 26, 101, 0, 181, 194, 243, 96, 126, 21, 70, 134, 174, 20, 149, 203, 148, 30, 250, 159, 10, 257, 204, 135, 201, 77, 67, 18, 189, 259, 132, 157, 87, 219, 55, 68, 147, 156, 74, 27, 222, 187, 164, 79, 93, 52, 12, 123, 78, 158, 206, 51, 3, 95, 29, 43, 146, 104, 161, 175, 141, 205, 256, 114, 199, 97, 99, 244, 125, 65, 240, 89, 23, 225, 258, 53]","[120, 162, 8, 47, 50, 118, 145, 214, 202, 6, 107, 33, 48, 111, 262, 195, 137, 35, 246, 151, 154, 59, 130, 105, 155, 224, 216, 91, 11, 41, 75, 72, 170, 223, 241, 110, 217, 237, 168, 56]"
39,12,0.01,1.0,0.00419364,500,229.90233391092008,0.9960454904437895,354.48923615017566,0.9946790899106845,10.845220477539039,"[130, 125, 175, 132, 14, 235, 203, 182, 103, 204, 161, 251, 50, 29, 207, 116, 2, 179, 140, 122, 139, 19, 20, 160, 96, 44, 176, 217, 219, 209, 27, 134, 252, 191, 108, 223, 58, 177, 18, 48, 159, 247, 137, 258, 118, 192, 153, 80, 26, 9, 250, 32, 129, 38, 81, 113, 34, 91, 253, 225, 107, 138, 136, 63, 163, 210, 88, 124, 93, 82, 24, 248, 208, 90, 174, 28, 57, 51, 155, 181, 74, 37, 222, 131, 152, 109, 154, 259, 230, 59, 164, 150, 83, 149, 195, 53, 178, 111, 114, 229, 173, 257, 43, 193, 169, 79, 52, 190, 214, 184, 242, 7, 101, 221, 77, 4, 66, 112, 244, 162, 166, 234, 170, 92, 167, 15, 143, 202, 185, 206, 188, 71, 47, 128, 263, 211, 42, 261, 67, 110, 189, 156, 146, 228, 11, 39, 196, 98, 102, 68, 106, 180, 197, 237, 10, 249, 238, 1, 194, 16, 97, 115, 199, 147, 35, 25, 0, 262, 76, 218, 231, 40, 168, 104, 33, 3, 56, 260, 120, 31, 246, 100, 73, 62, 254, 94, 54, 45, 151, 201, 87, 256, 72, 8, 200, 215, 236, 69, 198, 121, 13, 187, 84, 212, 36, 142, 224, 89, 148, 145, 158, 216, 172, 12, 205, 30, 141, 75, 123, 227, 70, 64, 41, 105]","[135, 183, 241, 133, 226, 245, 157, 233, 6, 21, 85, 49, 144, 186, 126, 61, 239, 17, 165, 5, 213, 65, 99, 220, 240, 95, 117, 171, 23, 78, 22, 55, 255, 46, 119, 60, 243, 86, 127, 232]"
40,12,0.01,1.0,0.00515591,500,270.68328560724325,0.995204323953662,374.5035019126729,0.9943206490208366,11.491144097656235,"[167, 245, 9, 247, 126, 188, 69, 35, 185, 86, 118, 172, 16, 230, 5, 33, 152, 259, 103, 248, 232, 62, 215, 169, 213, 218, 239, 26, 137, 166, 196, 129, 56, 17, 164, 125, 85, 242, 179, 177, 28, 81, 204, 234, 170, 139, 142, 79, 75, 155, 2, 154, 198, 121, 6, 254, 64, 43, 96, 89, 74, 93, 112, 24, 140, 238, 151, 146, 113, 194, 132, 40, 149, 52, 190, 192, 77, 10, 120, 160, 150, 97, 67, 227, 223, 38, 0, 53, 48, 257, 25, 123, 109, 130, 66, 176, 134, 105, 4, 15, 237, 68, 175, 208, 217, 231, 58, 221, 122, 107, 212, 88, 144, 203, 116, 205, 147, 61, 138, 262, 45, 157, 76, 183, 124, 47, 233, 78, 106, 216, 20, 50, 51, 32, 197, 226, 94, 21, 225, 27, 115, 119, 12, 253, 82, 84, 184, 71, 243, 34, 200, 72, 246, 161, 1, 128, 63, 101, 36, 83, 201, 57, 70, 98, 240, 153, 110, 117, 95, 235, 41, 135, 260, 80, 133, 108, 228, 31, 163, 171, 87, 174, 44, 60, 30, 195, 244, 178, 210, 261, 141, 156, 255, 256, 199, 99, 263, 131, 22, 202, 186, 104, 92, 14, 207, 158, 180, 8, 252, 181, 49, 224, 73, 91, 187, 211, 55, 159, 19, 114, 193, 165, 7, 219]","[37, 189, 250, 11, 100, 173, 13, 3, 191, 182, 206, 90, 136, 18, 241, 168, 46, 143, 251, 145, 29, 148, 111, 222, 23, 258, 229, 102, 127, 162, 39, 65, 42, 54, 220, 236, 249, 209, 214, 59]"
41,12,0.01,1.0,0.0051499726,455,299.9825249333961,0.9953190338599439,481.31995619834186,0.9917469851631309,13.93459476660156,"[187, 181, 253, 130, 29, 26, 56, 137, 55, 173, 46, 108, 231, 116, 192, 256, 158, 38, 247, 87, 261, 42, 75, 159, 72, 177, 134, 117, 115, 11, 233, 227, 241, 91, 107, 194, 67, 22, 195, 229, 123, 54, 213, 199, 41, 146, 205, 251, 71, 37, 133, 66, 23, 244, 191, 207, 61, 161, 188, 175, 6, 238, 254, 43, 68, 118, 154, 101, 96, 40, 217, 239, 184, 20, 81, 124, 1, 39, 212, 2, 106, 112, 201, 90, 216, 35, 50, 237, 165, 193, 128, 32, 18, 119, 8, 45, 65, 17, 64, 79, 27, 33, 234, 99, 259, 250, 153, 70, 200, 171, 144, 10, 121, 7, 166, 208, 202, 113, 85, 97, 100, 0, 260, 60, 167, 24, 34, 182, 225, 98, 103, 262, 222, 48, 82, 170, 77, 138, 168, 127, 69, 215, 196, 47, 157, 219, 135, 214, 139, 176, 147, 164, 255, 93, 36, 230, 257, 15, 13, 210, 73, 78, 228, 58, 102, 74, 245, 136, 111, 95, 21, 235, 31, 94, 109, 174, 232, 150, 172, 125, 5, 148, 197, 132, 258, 114, 12, 76, 129, 59, 4, 186, 162, 223, 242, 252, 141, 19, 53, 28, 209, 226, 122, 145, 183, 180, 92, 203, 88, 220, 179, 105, 189, 86, 84, 240, 198, 178, 163, 131, 236, 89, 243, 80]","[152, 149, 224, 155, 246, 63, 160, 44, 49, 169, 185, 52, 249, 206, 151, 190, 120, 126, 143, 218, 30, 140, 57, 51, 263, 16, 14, 204, 156, 9, 142, 62, 221, 25, 248, 3, 110, 83, 211, 104]"
42,12,0.01,1.0,0.0042183064,472,206.742586343093,0.9959222702791685,343.6174291003252,0.9925899961379728,6.408495178710945,"[75, 241, 216, 10, 119, 143, 140, 217, 25, 184, 206, 18, 90, 144, 73, 78, 252, 182, 96, 60, 66, 231, 199, 16, 55, 84, 197, 38, 181, 211, 234, 79, 257, 114, 262, 170, 120, 126, 141, 86, 236, 159, 146, 69, 2, 127, 136, 132, 228, 92, 162, 255, 117, 29, 200, 180, 97, 104, 5, 56, 142, 164, 201, 65, 148, 85, 229, 179, 31, 12, 35, 28, 42, 260, 108, 158, 22, 137, 93, 183, 124, 51, 112, 186, 95, 210, 256, 76, 168, 41, 243, 165, 26, 258, 150, 0, 215, 100, 193, 220, 98, 36, 61, 176, 152, 11, 261, 213, 27, 167, 4, 122, 32, 242, 192, 138, 62, 135, 128, 244, 204, 70, 225, 64, 44, 175, 156, 40, 123, 153, 23, 254, 198, 81, 39, 224, 47, 94, 205, 161, 43, 145, 185, 3, 105, 53, 133, 245, 208, 250, 49, 163, 80, 34, 221, 7, 171, 226, 110, 91, 83, 240, 246, 89, 8, 13, 59, 232, 131, 17, 166, 72, 237, 134, 227, 248, 63, 54, 107, 50, 222, 174, 223, 189, 14, 207, 238, 219, 169, 58, 218, 48, 88, 21, 57, 203, 160, 259, 187, 191, 129, 37, 157, 235, 253, 1, 52, 149, 130, 151, 103, 99, 116, 87, 202, 74, 214, 121, 263, 20, 188, 71, 106, 102]","[68, 194, 82, 247, 109, 118, 113, 178, 9, 251, 172, 209, 249, 77, 212, 111, 195, 196, 67, 239, 6, 30, 24, 45, 177, 101, 19, 139, 155, 115, 173, 125, 154, 230, 15, 190, 233, 46, 33, 147]"
43,12,0.01,1.0,0.004933743,500,267.75092700894885,0.9952169979252597,485.9309284575557,0.990031484144084,8.306257703124988,"[220, 150, 115, 96, 2, 168, 217, 93, 17, 221, 223, 208, 0, 206, 247, 258, 78, 251, 136, 67, 53, 75, 231, 54, 191, 127, 246, 262, 188, 141, 192, 184, 232, 98, 76, 92, 128, 101, 170, 219, 256, 105, 68, 39, 100, 88, 121, 140, 205, 259, 142, 178, 211, 129, 107, 103, 143, 80, 19, 230, 113, 97, 41, 228, 133, 9, 1, 134, 137, 109, 71, 30, 260, 198, 56, 119, 45, 166, 236, 243, 94, 244, 189, 77, 12, 238, 155, 250, 22, 122, 46, 203, 79, 43, 159, 111, 44, 26, 20, 148, 183, 176, 209, 33, 114, 95, 50, 81, 212, 257, 215, 173, 165, 86, 152, 207, 164, 225, 245, 249, 167, 18, 91, 151, 179, 200, 190, 25, 195, 182, 201, 4, 235, 199, 8, 13, 5, 161, 31, 156, 197, 63, 108, 261, 144, 49, 42, 248, 126, 40, 193, 83, 14, 85, 252, 87, 172, 125, 6, 210, 24, 70, 123, 131, 23, 146, 52, 106, 174, 226, 51, 222, 99, 233, 7, 186, 27, 74, 21, 213, 229, 154, 118, 157, 153, 169, 241, 3, 160, 181, 104, 47, 84, 61, 135, 242, 28, 120, 196, 180, 48, 162, 73, 112, 60, 202, 32, 175, 216, 204, 254, 240, 36, 132, 117, 227, 194, 34, 89, 187, 145, 16, 58, 255]","[138, 239, 72, 177, 90, 38, 35, 102, 130, 237, 116, 253, 110, 171, 82, 234, 66, 163, 64, 214, 15, 10, 55, 139, 158, 218, 29, 11, 124, 65, 149, 263, 57, 224, 69, 62, 59, 185, 37, 147]"
44,12,0.01,1.0,0.004348988,479,223.56961186522562,0.9960487071715347,284.5814818573167,0.9952982518507597,11.691414686523483,"[9, 45, 251, 23, 65, 5, 205, 39, 113, 3, 28, 181, 94, 105, 73, 200, 167, 209, 165, 145, 134, 142, 211, 159, 162, 236, 244, 58, 238, 237, 194, 19, 148, 32, 154, 79, 253, 13, 125, 228, 111, 191, 163, 214, 131, 185, 155, 64, 175, 17, 223, 82, 60, 102, 184, 124, 110, 37, 68, 6, 149, 193, 215, 259, 114, 204, 188, 38, 20, 27, 183, 95, 2, 108, 81, 202, 220, 24, 115, 212, 210, 70, 178, 33, 26, 171, 161, 263, 160, 156, 127, 136, 168, 246, 197, 80, 89, 138, 112, 129, 255, 206, 41, 192, 15, 71, 0, 207, 216, 126, 90, 133, 76, 231, 75, 147, 99, 174, 176, 158, 118, 153, 97, 152, 196, 91, 187, 11, 4, 16, 141, 22, 166, 232, 121, 98, 78, 132, 42, 229, 128, 252, 25, 101, 62, 235, 226, 40, 104, 143, 208, 117, 261, 219, 182, 21, 172, 53, 119, 198, 222, 123, 10, 34, 233, 8, 49, 56, 201, 66, 262, 203, 130, 140, 63, 243, 29, 92, 18, 50, 179, 249, 116, 144, 122, 86, 234, 248, 189, 221, 72, 146, 31, 258, 74, 260, 83, 213, 93, 164, 103, 257, 14, 1, 57, 100, 245, 109, 230, 227, 67, 199, 195, 217, 150, 55, 151, 120, 239, 84, 96, 59, 173, 241]","[7, 88, 240, 157, 48, 43, 225, 51, 107, 35, 177, 69, 87, 170, 169, 30, 135, 186, 12, 52, 85, 61, 218, 77, 139, 106, 224, 180, 36, 242, 137, 47, 46, 256, 247, 44, 254, 250, 54, 190]"
45,12,0.01,1.0,0.0042207823,500,231.04299674836375,0.9958924611671972,394.2972236353395,0.9923009015454298,11.030705767578127,"[220, 69, 99, 3, 33, 76, 96, 183, 132, 216, 246, 13, 44, 25, 168, 0, 40, 208, 190, 133, 84, 177, 172, 253, 257, 26, 35, 235, 236, 157, 251, 166, 218, 79, 146, 62, 89, 211, 151, 74, 182, 122, 21, 115, 64, 28, 256, 143, 199, 255, 259, 104, 119, 232, 61, 170, 193, 224, 41, 39, 109, 125, 128, 113, 58, 165, 29, 234, 174, 241, 150, 102, 94, 231, 209, 198, 210, 138, 225, 37, 194, 226, 91, 82, 221, 34, 139, 173, 188, 219, 66, 16, 205, 197, 237, 217, 178, 239, 19, 90, 169, 223, 179, 43, 97, 107, 114, 238, 129, 233, 85, 149, 244, 135, 214, 51, 52, 187, 201, 254, 48, 134, 147, 93, 184, 71, 2, 70, 167, 243, 192, 75, 23, 258, 78, 252, 7, 106, 155, 180, 9, 20, 87, 18, 204, 228, 250, 191, 81, 5, 88, 55, 127, 92, 59, 202, 160, 121, 260, 105, 60, 186, 212, 262, 27, 103, 22, 98, 249, 261, 111, 152, 144, 54, 222, 63, 203, 123, 77, 49, 136, 11, 42, 108, 6, 145, 207, 189, 185, 164, 86, 31, 36, 14, 56, 158, 126, 110, 196, 230, 17, 12, 24, 124, 162, 140, 181, 8, 46, 215, 200, 118, 57, 53, 142, 65, 15, 120, 68, 163, 213, 95, 32, 131]","[245, 195, 154, 83, 148, 176, 38, 72, 45, 137, 67, 80, 50, 30, 1, 175, 101, 112, 4, 100, 240, 73, 247, 156, 141, 227, 161, 117, 47, 159, 130, 116, 153, 171, 248, 229, 206, 242, 10, 263]"
46,12,0.01,1.0,0.004266659,500,239.84965620175907,0.9958098597344186,302.0364096618242,0.9948253547595363,7.128449917968749,"[89, 126, 136, 93, 52, 10, 36, 220, 8, 165, 212, 255, 48, 199, 162, 110, 116, 121, 214, 232, 253, 213, 138, 145, 211, 170, 256, 34, 184, 177, 188, 94, 208, 122, 185, 90, 142, 84, 166, 242, 25, 62, 85, 73, 169, 139, 244, 207, 172, 181, 13, 88, 24, 163, 206, 37, 106, 250, 77, 157, 27, 42, 38, 222, 74, 108, 33, 105, 194, 78, 143, 21, 262, 155, 119, 186, 65, 111, 41, 238, 202, 233, 248, 234, 132, 113, 97, 44, 75, 83, 112, 221, 219, 60, 64, 0, 54, 171, 18, 101, 49, 39, 123, 1, 141, 29, 178, 15, 95, 225, 227, 20, 137, 149, 148, 210, 135, 109, 218, 263, 151, 134, 237, 67, 57, 229, 87, 236, 226, 228, 47, 190, 179, 14, 76, 68, 257, 131, 28, 82, 196, 69, 100, 247, 231, 153, 66, 35, 6, 192, 99, 195, 159, 53, 133, 241, 46, 50, 164, 3, 216, 124, 249, 201, 125, 154, 7, 261, 128, 223, 127, 102, 58, 144, 140, 56, 158, 183, 245, 224, 160, 197, 209, 61, 16, 63, 117, 23, 187, 92, 80, 193, 156, 129, 204, 243, 168, 107, 259, 2, 176, 118, 120, 200, 215, 150, 114, 258, 252, 30, 79, 59, 98, 22, 55, 31, 32, 72, 130, 235, 203, 146, 40, 189]","[5, 17, 12, 26, 254, 173, 51, 115, 175, 191, 246, 198, 152, 180, 45, 205, 81, 19, 161, 11, 239, 96, 91, 71, 240, 4, 9, 86, 217, 251, 230, 182, 147, 43, 104, 260, 103, 174, 167, 70]"
47,12,0.01,1.0,0.0042863255,500,238.08464581747054,0.99613670825381,381.37007114018604,0.9929641532150344,10.070245047851547,"[107, 76, 25, 62, 145, 26, 254, 42, 47, 69, 260, 199, 122, 189, 58, 131, 3, 196, 207, 63, 115, 164, 177, 190, 146, 236, 45, 175, 261, 83, 1, 36, 234, 130, 112, 132, 67, 77, 143, 31, 258, 211, 182, 263, 38, 105, 165, 78, 85, 248, 228, 102, 213, 201, 111, 24, 127, 257, 22, 37, 19, 259, 237, 138, 82, 108, 121, 226, 99, 46, 18, 139, 166, 6, 81, 92, 252, 88, 39, 64, 129, 106, 96, 70, 61, 168, 126, 227, 91, 247, 256, 116, 188, 244, 57, 217, 255, 110, 54, 44, 11, 158, 49, 181, 229, 150, 29, 93, 104, 240, 136, 7, 98, 142, 80, 118, 103, 210, 30, 95, 245, 41, 225, 176, 17, 109, 120, 155, 151, 141, 206, 172, 28, 157, 100, 160, 56, 12, 140, 251, 191, 253, 178, 149, 153, 186, 134, 193, 124, 154, 89, 194, 239, 232, 224, 222, 200, 238, 221, 187, 144, 162, 2, 75, 156, 52, 84, 51, 90, 159, 86, 195, 68, 205, 184, 170, 202, 171, 125, 147, 21, 27, 161, 79, 214, 198, 185, 137, 101, 246, 163, 4, 209, 223, 66, 192, 34, 220, 73, 48, 53, 249, 233, 242, 169, 262, 180, 123, 87, 65, 235, 114, 218, 50, 55, 113, 173, 71, 208, 59, 23, 179, 72, 135]","[10, 5, 250, 16, 94, 32, 216, 133, 197, 243, 13, 43, 167, 128, 148, 119, 8, 203, 204, 60, 0, 20, 117, 231, 219, 230, 40, 35, 174, 97, 15, 212, 183, 9, 241, 215, 74, 14, 152, 33]"
48,12,0.01,1.0,0.0038796046,494,213.0437119335201,0.9964089738417539,403.6483899201799,0.9938467422273664,7.5704659511718715,"[176, 148, 147, 150, 216, 7, 235, 71, 164, 70, 187, 196, 178, 152, 119, 95, 53, 170, 246, 41, 253, 79, 39, 126, 24, 262, 179, 113, 210, 260, 97, 206, 259, 155, 11, 73, 84, 190, 81, 169, 68, 112, 230, 129, 93, 163, 91, 40, 14, 239, 136, 109, 153, 250, 120, 243, 117, 128, 167, 132, 193, 229, 165, 245, 180, 174, 158, 168, 20, 45, 61, 249, 48, 261, 237, 172, 161, 218, 116, 194, 75, 138, 19, 105, 240, 5, 72, 255, 186, 232, 4, 36, 195, 184, 121, 33, 191, 256, 64, 17, 56, 252, 123, 44, 85, 212, 197, 98, 166, 38, 171, 185, 63, 221, 263, 80, 258, 55, 86, 106, 247, 88, 188, 29, 9, 137, 90, 101, 223, 228, 156, 145, 115, 205, 103, 96, 99, 200, 211, 203, 46, 215, 225, 183, 59, 257, 122, 3, 182, 74, 65, 2, 52, 23, 1, 242, 89, 124, 83, 57, 142, 102, 43, 49, 217, 160, 15, 131, 67, 192, 50, 35, 135, 100, 254, 108, 189, 130, 224, 154, 213, 12, 233, 54, 22, 114, 141, 37, 16, 47, 134, 149, 177, 220, 42, 127, 173, 241, 60, 27, 118, 162, 92, 25, 21, 234, 248, 181, 18, 66, 30, 143, 104, 58, 231, 28, 219, 214, 6, 157, 236, 208, 51, 0]","[227, 199, 159, 8, 13, 87, 133, 201, 139, 251, 125, 78, 34, 209, 31, 10, 222, 62, 107, 146, 144, 110, 175, 82, 198, 202, 151, 76, 244, 69, 32, 77, 226, 111, 204, 238, 26, 140, 94, 207]"
49,12,0.01,1.0,0.004793326,500,248.17182375094163,0.9956063871929617,542.8616988558118,0.9900667833488834,6.292686297851555,"[171, 13, 162, 107, 110, 151, 67, 105, 172, 7, 38, 230, 52, 23, 45, 128, 48, 189, 142, 247, 132, 220, 231, 74, 2, 73, 27, 29, 228, 129, 223, 89, 258, 117, 234, 32, 6, 46, 184, 226, 68, 18, 104, 222, 15, 211, 257, 130, 202, 11, 145, 160, 215, 26, 97, 192, 148, 207, 261, 255, 116, 152, 19, 78, 83, 259, 42, 103, 44, 165, 209, 256, 0, 96, 24, 108, 157, 219, 81, 123, 260, 200, 51, 163, 186, 233, 90, 1, 181, 214, 254, 30, 144, 22, 33, 101, 149, 155, 35, 127, 191, 88, 85, 86, 10, 28, 240, 225, 62, 245, 95, 80, 111, 208, 239, 131, 156, 64, 57, 153, 238, 34, 125, 119, 41, 121, 159, 112, 71, 43, 25, 47, 139, 136, 241, 188, 169, 141, 175, 248, 56, 216, 113, 212, 170, 246, 12, 252, 54, 106, 98, 229, 133, 166, 14, 49, 39, 158, 205, 232, 195, 50, 135, 194, 3, 5, 37, 243, 91, 237, 217, 124, 185, 66, 16, 137, 99, 183, 138, 94, 180, 63, 263, 20, 251, 242, 249, 77, 120, 167, 197, 31, 58, 60, 4, 204, 196, 187, 201, 190, 61, 40, 253, 72, 79, 92, 143, 100, 198, 161, 59, 134, 154, 227, 82, 224, 140, 36, 146, 177, 126, 244, 182, 173]","[206, 150, 8, 174, 84, 65, 218, 69, 236, 221, 70, 53, 147, 17, 235, 21, 213, 193, 109, 210, 122, 114, 102, 176, 179, 118, 199, 178, 164, 168, 76, 250, 115, 93, 87, 203, 262, 9, 75, 55]"
50,12,0.01,1.0,0.0044734664,499,250.35684145150157,0.9959110435545572,386.3241743571206,0.9936060258136662,6.259976524414071,"[83, 38, 23, 77, 74, 226, 96, 242, 25, 123, 207, 69, 145, 193, 40, 249, 166, 168, 224, 185, 100, 155, 8, 108, 121, 137, 150, 12, 126, 81, 200, 124, 140, 202, 209, 160, 210, 54, 244, 41, 219, 119, 28, 3, 144, 48, 170, 135, 97, 221, 99, 225, 114, 61, 211, 194, 127, 215, 197, 205, 118, 138, 255, 136, 153, 236, 13, 37, 180, 188, 173, 227, 112, 243, 55, 80, 151, 162, 235, 253, 191, 213, 57, 177, 259, 167, 223, 116, 181, 117, 187, 90, 14, 157, 113, 75, 203, 214, 22, 254, 231, 161, 258, 21, 131, 175, 7, 59, 11, 17, 42, 251, 146, 261, 68, 183, 56, 125, 5, 143, 159, 208, 195, 50, 27, 35, 263, 30, 104, 165, 184, 198, 86, 4, 78, 53, 44, 201, 84, 164, 65, 234, 247, 47, 19, 32, 87, 101, 171, 52, 29, 9, 189, 129, 45, 58, 233, 192, 241, 186, 128, 36, 199, 141, 62, 174, 246, 152, 156, 51, 252, 245, 230, 139, 217, 94, 93, 0, 179, 110, 10, 232, 67, 204, 66, 115, 60, 26, 248, 105, 158, 79, 130, 147, 6, 64, 169, 106, 85, 49, 31, 43, 148, 134, 218, 154, 91, 92, 163, 206, 196, 111, 71, 250, 95, 2, 133, 237, 260, 229, 70, 132, 109, 176]","[228, 46, 34, 18, 88, 240, 256, 142, 89, 24, 20, 220, 120, 149, 102, 182, 190, 238, 15, 107, 239, 16, 257, 172, 122, 216, 178, 73, 98, 33, 103, 72, 222, 63, 262, 76, 1, 39, 212, 82]"
