FEED (F),N1,N2,NF1,NF2,RR1,RR2,BF1,BF2,Y,QR1,QR2,QC1,QC2,SAF,GREEN DIESEL (G),NAPHTHA (N),SET,pred_QR1,pred_QR2,pred_QC1,pred_QC2,pred_SAF,pred_Greendiesel,pred_Naphtha
2648.5294,23,49,15,32,2.07995156,0.818881247,0.834025746,0.125838937,2208.941709,261.086861,406.990815,104.347078,380.447743,1930.99472,277.977819,439.426188,TRAIN,257.2487,398.2475,110.73673,373.4571,1941.6134,277.04407,425.64935
2721.86502,25,81,12,48,3.72444007,1.6694,0.852011871,0.19201429,2319.061308,310.544079,549.596328,164.043225,522.07043,1872.57964,444.882342,404.326821,TRAIN,296.91696,564.4643,146.54803,535.5245,1871.0332,443.91522,404.486
2696.49778,33,92,15,39,2.89159095,2.54224462,0.609871796,0.126840395,1644.517944,565.764767,455.144304,379.40587,447.26899,1435.96785,208.381168,1052.20989,TRAIN,570.0243,471.33157,373.3567,472.58093,1443.2426,209.1022,1047.4669
2187.07408,25,48,9,21,3.37450973,2.67465223,0.727839016,0.030097543,1591.837846,367.927469,570.503974,226.477867,565.94798,1543.90853,47.9368839,595.356381,TEST,359.98456,582.09973,215.96739,581.59546,1546.3076,47.527847,596.0335
2370.66917,15,94,12,15,0.727698504,3.09878358,0.554848635,0.089258247,1315.362553,343.330017,420.139023,175.22907,417.114383,1198.08292,117.419505,1055.27372,TRAIN,340.24738,399.4962,168.44354,401.28058,1191.0453,120.60437,1059.9905
1668.31111,29,44,16,32,4.58844763,0.253407601,0.639944746,0.186833191,1067.62693,416.045649,104.215884,296.842865,101.81346,867.520818,199.301881,601.364516,TRAIN,420.5175,105.46509,301.76056,99.585846,868.4406,194.47284,610.2192
1956.43936,29,64,17,22,2.92988978,0.885429185,0.887441765,0.081291118,1736.225999,159.752983,371.268281,69.5758351,358.254742,1595.10077,141.138619,220.178138,TEST,172.89255,348.06314,73.0492,328.11084,1592.0483,141.4109,224.47375
1790.8675,30,31,12,22,4.23774061,1.16307341,0.733721894,0.146000998,1313.998694,331.602775,241.468027,215.811668,226.846577,1122.18234,191.859692,476.86794,TRAIN,321.20428,249.77588,202.6472,242.3642,1116.4989,188.49643,483.83527
2193.81338,25,39,16,37,2.55634691,0.339032797,0.581620233,0.263594467,1275.966249,463.165365,112.758115,297.556157,117.73665,939.813373,336.423187,917.83908,TRAIN,454.89856,143.58887,295.60687,138.94046,972.1377,338.92175,878.59454
2735.43968,30,46,12,44,0.733955598,3.55920458,0.574599797,0.131641505,1571.783085,399.018194,570.464787,186.721986,580.724081,1366.04348,206.95599,1162.37858,TRAIN,394.9992,561.4214,189.46724,564.13666,1358.9988,210.38141,1172.1588
2957.67324,19,39,17,28,1.66628142,2.34299923,0.554561098,0.233961947,1640.210519,555.254882,365.852852,330.091067,368.635684,1257.80315,383.540229,1316.24209,TRAIN,545.4436,362.54443,326.595,360.83038,1274.2524,382.8214,1299.45
3100.21331,14,96,12,48,3.9106786,1.776054,0.732112994,0.053021691,2269.706448,550.123735,645.843667,331.022083,650.112136,2154.64073,120.767366,824.785505,TRAIN,563.66705,628.5809,362.18823,624.013,2144.0862,118.294754,848.1069
1899.89845,24,52,8,50,4.47077174,0.68464028,0.850744796,0.285535102,1616.328719,226.789386,236.461194,118.963836,210.064354,1154.83873,461.596474,283.592509,TRAIN,231.8187,225.37842,122.908554,203.55038,1137.7383,472.42633,295.22995
1984.30112,28,74,5,22,3.23090275,2.14936066,0.880125436,0.266467244,1746.433888,178.964151,466.232062,79.9551829,431.112164,1280.66825,465.51389,238.297354,TRAIN,193.83008,459.79474,88.04899,432.80524,1271.7452,467.47034,246.31122
2131.26626,17,87,6,36,3.38378522,2.89107687,0.853025533,0.081477974,1818.024537,230.651233,744.852053,116.299751,723.989533,1669.87511,148.125429,313.363805,TRAIN,232.71457,741.34674,116.6709,727.78217,1681.2073,146.03168,309.74402
2125.64231,22,44,17,29,3.90341993,3.36626116,0.853237089,0.080212646,1813.676857,235.160045,836.928777,117.83393,825.445843,1668.19278,145.481687,312.014305,TRAIN,236.32997,816.1664,118.09062,801.8944,1662.271,147.00783,325.75293
1773.63666,22,41,6,31,2.91162836,0.537400442,0.867035424,0.02866206,1537.805814,167.914155,266.809266,71.5259552,250.101634,1493.69608,44.0682432,235.759828,TRAIN,167.48845,268.41718,75.46207,254.63347,1504.2234,39.76471,225.70319
3356.69054,16,93,12,36,0.438782002,0.767471988,0.750674398,0.192919411,2519.78165,314.012721,395.933127,102.831772,370.841248,2033.81257,486.179512,836.544822,TRAIN,312.82333,383.5607,104.869286,356.41287,2028.675,493.7591,844.6259
2596.76588,24,44,11,25,3.86365691,2.07573732,0.555035812,0.027227951,1441.298059,718.012652,358.604569,527.406734,355.922353,1402.06219,39.2530617,1155.22897,TRAIN,714.9696,381.44037,524.23627,387.9947,1404.014,42.985443,1154.0576
1960.65559,30,91,14,50,3.24576655,0.189152579,0.8406679,0.060688966,1648.260217,214.614771,215.093436,104.131573,198.754325,1548.24414,100.000907,312.395397,TRAIN,218.5516,209.05002,109.219055,194.49014,1545.1215,101.18643,315.52603
1597.8432,30,76,5,42,2.82115727,1.88778684,0.716466136,0.082293996,1144.800543,253.101445,313.513278,146.569272,309.256811,1050.26272,94.1902159,453.518275,TRAIN,254.88147,313.37418,148.7091,308.71283,1055.531,101.829605,445.25287
1638.19678,28,73,4,33,0.303737613,1.00390025,0.747308556,0.230778128,1224.23847,148.418959,203.296138,48.1965195,189.805067,941.490168,282.672367,413.953164,TRAIN,144.05876,205.33011,44.31424,190.68045,944.8356,276.0817,415.3908
1590.85627,30,56,12,22,0.767225262,0.352308551,0.753934203,0.135197344,1199.400954,158.257348,152.096793,59.6974629,140.797768,1036.96644,162.064,391.777991,TRAIN,159.65738,147.93707,63.491676,134.7186,1049.4717,159.60915,385.0501
3094.97737,29,72,7,37,3.16869648,1.69789325,0.735065128,0.168745522,2275.009937,498.58519,518.934442,302.308013,499.741712,1890.98757,383.819867,819.973497,TRAIN,496.188,530.6283,292.73492,516.6657,1903.2634,381.69397,814.95917
1932.3877,19,79,10,15,1.82456327,4.20232132,0.629481232,0.028382917,1216.40179,316.979519,604.749077,182.343846,604.889425,1181.80795,34.5998268,715.974195,TRAIN,315.69492,583.5187,180.78693,583.95374,1200.7308,27.814651,700.05054
2095.49607,31,66,15,27,1.10168775,4.4088331,0.679958742,0.036100307,1424.850872,262.85562,735.245616,124.094706,727.445627,1373.44687,51.3724471,670.683713,TRAIN,271.0227,754.801,127.94548,752.2396,1372.3254,55.608673,673.1605
3299.80303,23,32,15,17,4.01867865,3.28953677,0.630811284,0.114313256,2081.552986,776.310443,760.844153,515.241587,778.615658,1844.09341,237.878046,1218.21979,TRAIN,778.3602,738.04395,542.776,736.2969,1835.2931,232.7211,1229.0833
1765.59547,30,87,6,36,0.756920039,3.76249257,0.612123031,0.03675465,1080.761651,235.26823,454.792921,109.344308,454.850256,1040.35846,39.6970586,685.393599,TRAIN,234.40396,461.47446,108.02682,462.2653,1043.7789,30.077255,693.7076
1630.89644,27,78,14,44,3.96711019,1.95145016,0.675665097,0.186639863,1101.939801,345.410641,263.689756,221.946092,261.326801,896.681084,205.782351,528.290417,TRAIN,338.67667,254.77301,224.037,249.48764,900.9584,201.32909,531.38086
3339.07113,18,65,15,47,0.541345771,2.29416966,0.553679811,0.265853623,1848.776272,485.637063,392.352856,219.227597,403.375793,1357.24554,491.391243,1490.397,TRAIN,490.80948,390.91547,244.41376,386.26028,1367.9122,504.95636,1460.7173
1835.26719,28,30,7,21,1.56229916,3.90294497,0.659967505,0.061457137,1211.216708,275.218673,554.489677,138.326668,561.486187,1135.46047,74.3480892,625.574089,TRAIN,271.08264,546.2393,143.07217,544.31396,1143.8228,73.397354,617.55194
3043.42274,22,52,7,37,0.978050869,0.488861558,0.556878888,0.052292555,1694.817871,469.590489,212.232188,251.308691,221.48589,1606.18151,88.6219694,1348.58132,TRAIN,480.22485,182.38135,256.21173,188.39047,1615.4729,84.38568,1348.0068
2850.41021,29,73,5,21,2.21233717,0.800175532,0.850400317,0.162296561,2423.989746,263.760655,418.950912,106.164048,385.064693,2030.47489,393.384585,426.425134,TRAIN,269.0417,406.8994,114.764206,375.4244,2040.5626,396.61707,407.96506
2759.19842,20,82,14,29,3.30188709,2.47518356,0.842959166,0.147434725,2325.891599,313.638956,750.983625,161.384562,728.967123,1982.49421,342.89074,433.959137,TRAIN,302.05826,761.50024,148.66469,736.0624,1981.8179,343.76282,430.8899
2622.74515,30,97,10,28,0.310798123,2.1649281,0.922355054,0.197825042,2419.102244,141.020721,749.183053,21.8345565,710.511987,1940.9473,478.951744,203.091888,TRAIN,135.34264,742.0171,12.792343,697.93115,1914.8584,486.5517,228.58398
1929.5307,22,33,9,25,0.863295026,4.40507174,0.628439863,0.093111485,1212.594009,256.479605,537.37258,122.151966,532.726146,1099.6082,112.958096,716.881445,TRAIN,263.2201,569.2786,125.28541,566.22534,1088.0303,120.0898,723.9141
2235.08458,30,80,4,48,2.56304332,1.20950679,0.702534006,0.09516259,1570.222924,351.740893,321.591271,200.134652,315.746661,1421.58832,149.49524,663.899261,TRAIN,357.74707,324.1975,206.55264,320.91013,1424.272,152.65161,658.16785
2448.19121,25,98,13,48,3.68521423,1.07511847,0.706818378,0.155455339,1730.42654,453.475795,313.101786,286.98048,305.540127,1461.52724,269.085038,717.340822,TRAIN,456.21292,315.93018,290.67828,308.3642,1458.333,266.13974,726.9048
3397.86466,30,53,13,37,1.37016207,0.779415694,0.610249549,0.217978315,2073.545376,528.444982,266.247919,287.297978,254.717535,1621.80084,452.096708,1324.27921,TRAIN,530.473,269.05862,285.61627,262.78656,1634.7142,452.83154,1312.685
2253.40661,32,82,9,46,2.94405167,4.178318,0.684541526,0.143789624,1542.5504,397.065049,665.015919,248.140758,655.549867,1320.69479,221.800586,710.931174,TRAIN,396.9367,679.3522,239.74103,673.3651,1318.361,228.94894,707.81537
2927.65039,32,77,5,29,0.765348026,1.76583391,0.808299767,0.058656664,2366.419128,253.026401,720.50739,80.8136589,701.11691,2227.48021,139.00052,561.040146,TRAIN,256.27252,673.25305,86.61804,657.00024,2224.3564,137.29276,565.3542
2512.72898,28,88,3,43,3.54338608,1.07987562,0.623701986,0.042842497,1567.194055,573.074874,280.762625,400.48406,273.367092,1500.07382,67.1517022,945.7277,TRAIN,576.677,292.10486,397.95435,294.7398,1494.49,70.682755,950.6685
3217.99859,29,64,9,40,3.17996827,3.81884478,0.715094899,0.069207282,2301.174377,550.21793,1028.8288,342.069839,1018.87671,2139.3537,159.067683,919.587764,TEST,547.89417,1048.55,330.5134,1046.2,2154.9578,152.1287,917.97723
2562.91751,20,31,13,22,1.50439232,2.52063969,0.839394389,0.271004192,2151.298577,230.293984,624.145559,80.3516448,595.82573,1568.66803,582.627135,411.695704,TRAIN,228.32843,618.98254,86.717186,583.85095,1571.0759,586.9825,406.19714
3179.78395,29,61,6,42,3.18248124,3.52728216,0.637975713,0.03822466,2028.624933,654.371797,857.257284,434.197103,860.659206,1951.05277,77.542328,1151.11204,TRAIN,661.3684,863.2577,433.5021,869.8644,1953.5376,83.79401,1148.4507
2479.37552,21,39,12,34,1.37969409,1.5588361,0.625248939,0.192657559,1550.226913,380.146321,301.585282,196.678926,300.258267,1252.66322,298.694064,927.876324,TRAIN,377.44907,304.99472,199.49162,301.9167,1262.728,293.80823,925.4634
3083.69305,32,67,10,28,1.83353941,0.636600937,0.867844144,0.268814169,2676.164955,254.800929,396.319581,88.532454,353.199047,1957.13641,718.793261,407.494736,TRAIN,257.80676,380.52686,95.04366,334.09204,1994.5817,704.4192,387.03043
1530.619,27,35,14,33,0.494966432,0.881965935,0.888788054,0.269627742,1360.395882,94.2315502,237.820615,19.8285901,210.34368,993.565283,366.862743,170.202069,TRAIN,89.24596,235.9253,12.658188,210.4931,996.45624,374.00476,167.92047
2385.92048,23,48,8,35,3.76102723,4.12133372,0.852601566,0.103850807,2034.239538,264.234856,1059.17613,127.065093,1037.34585,1823.00557,211.262936,351.637329,TEST,260.42664,1020.2461,129.1565,1002.9436,1834.9441,204.1765,349.45312
3409.39989,28,61,8,28,4.39385053,2.83572152,0.852911494,0.188054259,2907.916354,395.853054,971.520671,208.175506,919.247116,2361.24026,546.961235,501.483247,TRAIN,408.95557,989.7335,216.88844,954.70386,2348.7817,551.5664,514.1802
3358.32376,29,82,11,46,0.593868939,3.15855831,0.85335119,0.288694343,2865.829577,244.780939,935.363434,66.5274506,882.310241,2038.30252,827.215971,492.847346,TRAIN,243.96765,959.3289,61.796234,908.364,2073.318,798.2544,487.79443
1718.63422,12,92,6,17,0.534687532,3.17111243,0.893088696,0.195480313,1534.892794,106.142148,614.006162,22.1239493,586.745294,1235.08555,299.767113,183.691494,TRAIN,95.220505,599.8943,13.599884,572.2802,1241.4736,292.05063,180.20346
1912.6036,28,50,6,44,0.998846798,1.5437428,0.892091085,0.124292947,1706.216621,126.710812,471.424004,32.0000827,451.815588,1494.10518,212.171559,206.446677,TRAIN,126.63513,468.80063,31.512085,446.85486,1500.4015,209.68985,205.03845
2205.81612,26,30,12,20,1.11277571,2.13571949,0.900066028,0.074154314,1985.380154,138.875746,724.82784,35.9568544,710.480547,1838.04933,147.446101,220.435308,TRAIN,141.47948,695.78656,33.58481,672.8935,1839.365,147.3565,224.98157
1538.84909,26,40,11,19,2.97985096,0.425867638,0.834797851,0.042684059,1284.627913,169.472978,199.011924,82.012809,191.406306,1228.74794,54.7877693,255.433706,TRAIN,166.89104,184.82642,82.73186,171.25018,1246.577,53.549805,242.60617
3449.3479,23,61,10,28,4.02864321,4.13459531,0.641101742,0.050972491,2211.382947,804.510367,1048.18074,566.027548,1056.25242,2098.66218,112.719632,1237.96619,TEST,790.35474,1017.4505,549.88354,1019.4098,2086.2231,115.13121,1230.1848
2715.58614,31,87,6,39,3.32483079,1.68019599,0.728164091,0.156777594,1977.392313,447.7788,459.878931,267.699282,444.490439,1666.80581,309.817371,738.860699,TEST,451.516,462.00635,271.96805,452.23227,1673.3718,305.3169,735.5965
2230.36808,10,47,4,35,1.0003856,2.88463473,0.794553268,0.08044656,1772.146247,211.951413,687.805988,76.8980943,675.867592,1629.59435,142.564381,458.256874,TRAIN,216.37811,703.0286,86.89533,691.5271,1648.5587,138.10532,449.3404
2045.66367,33,53,16,25,0.221093877,3.37996698,0.583273183,0.19125686,1193.18076,245.243634,370.2571,98.5246655,365.959759,964.83263,228.426521,852.557162,TRAIN,247.59619,364.97794,97.34912,361.57074,951.6392,229.96043,866.99426
2112.24389,25,32,6,22,0.407690943,1.65806254,0.924453977,0.156471239,1952.672265,110.852138,553.181593,17.7554901,520.832887,1647.07972,305.582356,159.57266,TRAIN,108.76817,545.4504,10.156525,514.4258,1647.5063,302.0317,175.14584
1907.15133,18,57,11,44,1.4496189,2.45206724,0.710406971,0.108391884,1354.8536,244.991554,415.674765,119.227696,405.200457,1207.91839,146.939749,552.405926,TEST,252.8884,415.70282,126.340385,410.47675,1205.6823,150.03188,551.07324
1637.25724,30,50,7,18,2.60571897,3.02757988,0.726073201,0.094342648,1188.768605,246.700239,433.909539,140.542021,427.733318,1076.61073,112.156909,448.488895,TRAIN,244.56671,436.92712,138.0789,429.87167,1084.9741,118.790054,435.66028
3071.67168,27,51,12,47,4.34936818,1.99068301,0.730888038,0.124985531,2245.048088,566.75067,617.633781,353.017864,609.529655,1964.41051,280.682734,826.45873,TRAIN,577.2805,601.71893,372.88068,592.7245,1950.1025,275.50443,853.9852
1785.32718,24,73,7,33,1.01302867,2.98723993,0.587516047,0.038740808,1048.908367,265.79492,357.69913,138.269244,357.398762,1008.39177,40.6403522,736.218648,TRAIN,265.7705,352.54663,135.47676,355.38025,1011.18945,29.485703,744.4064
1692.37465,31,81,11,45,4.57929814,2.84175882,0.900347568,0.125744501,1523.7254,160.408828,578.851724,72.8152417,552.835156,1332.16011,191.616417,168.566577,TRAIN,164.05966,594.65704,76.70162,576.9215,1315.5359,192.40932,185.55121
1876.951,25,80,3,39,2.54639261,4.02226695,0.880394239,0.142950053,1652.456847,157.248426,840.238969,65.1240588,818.379071,1416.15312,236.201302,224.608464,TRAIN,162.10677,825.7014,66.015076,803.72296,1426.5205,234.84584,215.08893
2463.28578,23,84,9,36,4.42639433,2.32796349,0.630460639,0.22919916,1553.004727,616.187277,393.912215,443.925243,384.660501,1196.96421,356.052646,910.313454,TRAIN,634.26575,364.72287,458.5068,359.2536,1185.6268,346.33734,933.24915
2665.76556,16,56,7,14,1.81758202,1.07570756,0.637865734,0.056718473,1700.400506,447.002511,308.62763,235.46683,324.616201,1601.43978,96.1720627,968.166123,TRAIN,427.5378,317.1072,241.98262,316.95493,1608.8813,96.91742,960.54706
2938.85761,29,90,14,25,1.35085563,2.84732667,0.845907674,0.080640499,2486.002205,248.151074,1001.36657,85.8394756,986.295622,2285.00122,200.445212,453.504071,TRAIN,250.75842,977.2114,89.08245,954.20435,2279.6958,201.84369,457.65796
2536.65353,16,46,13,42,0.241931001,3.11671159,0.791762209,0.062684569,2008.426402,202.241434,876.702384,57.7510791,856.689341,1882.41535,125.906005,528.281834,TRAIN,208.17706,864.34155,61.534904,850.47156,1888.7056,123.901306,527.5596
3201.30105,32,63,7,21,4.34607102,3.20794122,0.728939102,0.259579972,2333.553513,609.251518,749.302657,401.975312,732.630288,1727.82939,605.638402,867.748068,TRAIN,615.9174,739.3325,401.48663,718.4271,1716.4462,604.2786,893.8529
2660.48499,24,54,5,37,1.67618977,3.42115473,0.822190159,0.27061674,2187.424577,254.094996,756.904407,101.997053,719.654975,1595.33959,591.913886,472.781921,TRAIN,255.67198,769.395,104.184494,735.433,1599.5114,594.5475,459.80786
2446.16475,32,80,8,20,2.90459768,4.17710178,0.646886517,0.086898346,1582.390995,473.138023,731.957983,304.859312,733.840843,1444.87744,137.467613,863.790303,TRAIN,471.2848,714.2633,298.07547,713.14777,1454.4095,142.2294,853.1549
2107.19582,32,62,7,41,1.7125402,0.656989847,0.625840044,0.077835007,1318.767525,343.067702,191.147883,196.08773,188.42005,1216.11147,102.683203,788.442156,TRAIN,343.91687,185.035,192.8311,185.57031,1221.3411,103.7478,781.60425
3313.42115,33,50,13,26,4.26760656,1.73424531,0.686111011,0.112622138,2273.374735,704.995189,544.49074,485.356078,534.458909,2017.90325,256.108691,1039.31716,TRAIN,713.78467,530.8611,485.21536,524.982,2003.2284,248.04709,1068.1401
3314.34037,12,57,4,14,0.800542401,2.16861104,0.839665272,0.122589738,2782.936508,266.396173,840.049733,86.4195259,812.375875,2441.77,341.147918,531.385276,TRAIN,266.19885,863.4569,83.86875,833.8482,2446.3289,341.23462,527.9366
2227.926,25,74,3,13,2.70469644,3.10340222,0.909349477,0.205377154,2025.963343,183.922537,695.870103,70.9841642,670.876906,1611.68393,416.594753,199.637323,TRAIN,177.13374,756.9851,66.65006,724.84485,1604.0167,413.06744,213.94223
3056.57129,16,50,11,22,3.99057425,4.20481721,0.636906053,0.039587995,1946.748756,727.302113,929.30736,484.419192,953.727483,1866.54104,76.9385441,1112.81064,TRAIN,720.06586,918.3562,504.79175,922.0682,1871.0182,80.08232,1113.9547
2283.35639,23,37,7,18,1.94007484,0.769284872,0.8573088,0.164173662,1957.541527,199.864501,334.80948,74.0972761,304.387352,1636.15627,321.574342,325.822018,TRAIN,205.31903,334.7871,83.60389,309.14166,1652.4441,315.22858,317.73746
2509.45158,25,77,9,30,2.41747822,2.15848921,0.640292933,0.034782797,1606.784112,453.910918,454.997828,285.637793,449.837291,1550.54071,55.8173965,903.072874,TEST,452.82883,473.54922,275.43558,477.61865,1557.6693,57.73372,895.42584
2932.71152,32,56,11,40,3.09754928,0.498082688,0.633852765,0.212535143,1858.907306,604.496187,211.458913,400.417621,210.157165,1463.78233,395.125569,1073.80347,TRAIN,605.49036,219.4809,395.8723,213.5238,1488.7698,388.24432,1060.6019
3369.81301,23,90,8,25,0.949032123,1.90010217,0.622859504,0.066017787,2098.92006,464.787433,500.385099,233.469699,489.115444,1958.76744,138.441469,1272.66217,TRAIN,459.89328,523.66516,222.42448,525.20734,1956.6641,134.80035,1273.6436
1666.65661,28,47,5,43,1.73433072,0.166083292,0.819589249,0.041226056,1365.973839,170.619386,167.767706,75.6383089,158.484335,1307.55967,56.2187411,302.836948,TRAIN,160.62962,159.81696,68.37829,147.26486,1326.3008,51.39894,283.54486
1985.10303,22,70,15,49,3.59444192,4.24071654,0.553071962,0.276872288,1097.904828,519.460487,394.895402,377.592509,394.778115,793.840683,304.020712,887.148897,TEST,532.4933,374.07318,386.46997,366.61316,800.39636,307.02728,865.07446
2944.5776,20,98,6,23,2.81739194,1.82217889,0.656270478,0.056666025,1932.439349,550.141265,486.374955,347.08785,482.960916,1820.64647,109.366151,1014.41813,TEST,554.7867,499.43646,351.69037,499.62164,1829.7577,109.931625,1008.80554
3034.81139,26,87,4,34,0.489171184,0.73714291,0.847298515,0.06129694,2571.391184,221.070573,488.445615,56.6218153,458.095573,2413.74951,157.596979,463.419274,TRAIN,219.98944,501.80765,57.105347,477.02612,2409.9102,157.39572,467.51776
3061.75888,15,91,6,49,0.202357798,2.53943435,0.845504373,0.033215548,2588.730522,213.173386,1060.12958,49.1922242,1039.01277,2503.32417,86.0182523,472.438553,TRAIN,210.68864,1037.9159,48.55033,1018.65344,2508.6392,98.00635,459.00012
2611.66191,19,58,5,33,3.41000752,2.67667315,0.644949573,0.211758629,1684.390234,543.919547,454.534944,347.151078,449.795734,1322.09977,355.184374,934.279197,TRAIN,558.36755,451.83438,372.7834,446.725,1331.8124,348.0777,929.74084
1708.70694,28,91,14,30,0.226657878,4.16792337,0.703664271,0.081167108,1202.356023,176.998459,602.382665,52.2457541,604.678634,1107.04898,97.6707104,503.945258,TEST,169.20757,588.4225,58.65441,578.74445,1085.646,104.6366,523.3708
1679.47893,26,84,11,44,0.575476518,2.41371753,0.83312581,0.271655937,1399.217244,136.755857,359.584516,40.6677823,338.19553,1019.74911,380.577008,279.302984,TEST,125.40529,386.0497,33.407486,362.5804,1014.67236,381.6922,279.12683
3051.44221,31,96,7,31,3.13607598,2.81642193,0.835246956,0.106614031,2548.707817,340.40612,989.370936,162.633472,970.907102,2276.08438,271.857345,503.641872,TRAIN,344.6972,951.31067,169.36748,930.411,2279.3564,271.3272,505.50867
3256.58006,23,60,15,43,2.09845931,3.04438497,0.584939078,0.065540993,1904.900938,629.153718,656.380541,385.317851,656.51064,1782.01182,125.095255,1349.67032,TRAIN,619.371,661.70416,379.74622,668.3273,1780.0325,124.35651,1349.2965
1602.91998,25,86,5,40,2.85735538,2.59568315,0.640718035,0.073717885,1027.01974,311.498047,337.808991,200.051597,339.705061,951.309684,75.7096954,575.897538,TRAIN,317.75558,321.74533,203.27838,320.83762,958.2583,81.41667,572.0704
2754.27374,22,86,8,28,0.150540664,2.34855613,0.585314566,0.058432275,1612.116539,317.243629,449.133194,125.31042,443.011555,1517.86929,94.1897584,1142.26931,TRAIN,322.8758,448.73035,123.13495,453.88565,1509.0679,92.43948,1160.5796
2290.89114,33,82,14,19,1.70814931,4.45747583,0.851777748,0.088751403,1951.330096,197.276123,985.800355,70.9472721,950.347587,1778.04079,173.429538,339.561082,TRAIN,199.9277,1043.7151,76.888275,1023.10535,1785.7256,172.11667,334.25876
3379.03917,30,87,15,33,0.512683116,0.568863427,0.833902442,0.178801914,2817.789015,260.181331,421.018892,68.3964458,383.340006,2313.87129,504.022143,561.232294,TEST,255.57825,430.42426,68.93054,390.729,2317.623,510.84732,551.2633
1622.7479,12,38,9,33,0.47303493,1.96131074,0.594110568,0.093864223,964.0916766,205.570415,240.646624,88.8472643,238.868925,873.486138,90.4654823,658.845851,TRAIN,209.6079,220.54053,91.238914,219.5069,860.1444,96.56966,682.29175
2418.56834,10,67,9,30,0.205310072,0.659221263,0.813943953,0.105204946,1968.579075,174.593037,368.975114,47.3161204,346.16917,1761.05984,206.866151,450.553313,TRAIN,180.80066,340.79144,47.586037,318.73328,1761.717,208.52666,457.7831
1731.17169,18,31,15,21,2.76976391,4.01957777,0.564182194,0.209592418,976.6962423,390.889276,331.286892,267.385187,326.830397,774.706098,205.255164,751.301102,TRAIN,403.52817,331.52277,274.98254,326.76654,781.8145,209.36234,737.9234
2988.19857,27,45,16,23,2.96948937,3.8293472,0.63481873,0.103355764,1896.964421,596.79028,818.040731,388.168011,824.141603,1700.91055,196.062991,1091.29326,TRAIN,602.8983,777.49994,387.14337,777.3481,1705.4331,192.99036,1094.6066
2397.00945,19,42,13,33,0.244458308,2.87284915,0.778494552,0.26715987,1866.058798,204.99136,589.740052,54.715921,570.482982,1367.70677,498.46182,530.71729,TRAIN,204.71722,560.10284,61.355278,533.314,1362.8247,499.75198,542.2483
2410.49328,27,50,6,14,0.469831158,0.933256745,0.914095047,0.215056545,2203.419968,147.818382,364.971724,28.3965701,330.935623,1728.77118,473.595806,207.918165,TEST,134.44675,406.091,20.467407,366.13788,1728.3878,473.87445,218.52533
3294.42291,33,64,9,44,3.74966097,2.77691682,0.855963593,0.11544184,2819.906071,352.806332,1076.47165,173.445435,1050.48407,2494.47253,325.471658,474.564084,TEST,355.95102,1055.5039,171.52232,1029.914,2498.8943,320.8495,478.19516
2551.04715,23,67,13,21,3.56745119,0.560394992,0.592779736,0.03862537,1512.209056,624.559129,200.639988,442.941741,200.003299,1453.65489,58.4038217,1039.02657,TRAIN,628.46344,194.36493,447.0397,194.95395,1454.446,60.709915,1038.2407
2288.25325,17,95,7,46,1.01460317,3.36757217,0.908108195,0.060831434,2077.981529,141.138967,1074.30135,32.9772743,1063.28736,1949.96955,126.302618,211.776928,TRAIN,142.78754,1036.218,35.219406,1014.9702,1983.0881,119.03244,198.25873
2420.01006,25,75,3,22,4.30698239,1.54993475,0.888450751,0.117399951,2150.059755,250.794321,549.230455,131.04763,522.717231,1897.08838,252.305211,270.680515,TRAIN,248.47812,537.5503,122.62691,514.65765,1882.2324,251.67853,286.15726
2444.69946,20,49,11,24,0.158352524,1.63920335,0.832926954,0.03439621,2036.256075,175.227935,584.072605,43.9586173,573.411619,1966.2487,70.0109243,408.478322,TRAIN,169.60257,596.7717,38.23741,580.1321,1962.3289,72.20221,412.84912
1852.04374,21,70,9,47,2.34286335,1.44041394,0.850178354,0.248938151,1574.567498,174.197005,335.435842,71.9049534,311.784068,1182.57417,392.046708,277.477046,TRAIN,183.60533,333.33527,80.67424,311.72733,1184.5576,386.89908,279.73438
2761.4515,18,99,10,18,0.859621768,1.33358644,0.598480061,0.179105145,1652.673662,391.204237,288.912286,186.294945,289.723966,1358.77731,295.949958,1106.74134,TRAIN,381.8704,294.71808,185.53473,290.8324,1354.3235,296.87363,1115.6417
2313.62488,12,76,8,22,0.82354302,4.06829538,0.737909649,0.106447829,1707.246123,246.486626,742.393985,103.286236,725.198464,1523.79211,181.825333,607.961842,TRAIN,251.9567,786.61304,106.56428,775.2876,1526.5719,181.56726,611.57916
3094.38503,30,64,13,34,0.451802318,0.59799095,0.835047724,0.249947261,2583.959176,234.157799,367.140233,59.9546095,324.553812,1938.03398,645.688785,510.575195,TRAIN,227.34195,363.69897,58.862762,320.79434,1961.4125,643.42773,492.69244
2194.86371,32,95,6,43,2.48855588,4.38014672,0.81626547,0.085169833,1791.591458,243.168315,1006.32118,111.55424,992.934025,1638.56841,152.334507,403.872257,TRAIN,242.61957,965.3516,116.52382,951.6765,1656.5194,152.26111,388.28082
2460.45067,16,61,10,39,0.275523592,3.97064316,0.776933343,0.292600615,1911.606164,207.079175,699.36585,62.9384118,670.493456,1352.57983,558.986033,548.600158,TRAIN,211.15945,699.6815,63.949867,668.8712,1340.4674,565.66785,560.4021
3140.98351,31,92,5,23,3.51089845,2.34525111,0.825798706,0.09949605,2593.820118,419.515115,796.76047,235.031341,784.254467,2331.02372,257.569795,552.447077,TRAIN,392.23895,834.5265,207.3155,815.80115,2330.1094,257.91364,562.31635
2804.67521,16,54,11,28,1.81655059,0.741683769,0.65680474,0.13249832,1842.123972,433.341127,275.081153,227.790034,275.085367,1604.12933,244.641634,955.92877,TRAIN,437.1355,272.29944,242.81172,266.65118,1602.3029,244.4671,960.44495
2087.00519,27,43,15,13,0.750084848,3.32755694,0.621029822,0.196287131,1296.092462,279.823355,420.057081,122.425378,421.141021,1042.69672,254.74399,789.765403,TEST,277.73087,403.4954,127.997734,398.29773,1038.6179,250.7267,798.8126
1715.69686,29,70,17,17,3.15710833,1.91428214,0.61352176,0.041820864,1052.617357,371.899824,273.240625,250.031482,269.587717,1008.67742,44.0325011,662.843489,TRAIN,377.04706,279.67828,253.77603,279.7591,1013.09753,40.55165,661.85596
3438.05255,30,67,11,23,3.12382317,0.196424714,0.570025391,0.125114077,1959.777249,819.869582,179.707482,561.761194,179.372595,1714.32672,245.172098,1478.46094,TEST,768.6826,165.01694,522.6415,163.09644,1743.0521,241.8576,1432.9478
3233.0957,32,87,3,29,1.07411495,3.09895539,0.830463378,0.158027923,2684.967576,275.697615,1022.80124,93.0382737,991.559141,2260.6033,424.319504,548.085013,TRAIN,279.96497,1015.9387,96.48744,985.1867,2269.5334,428.1979,540.145
1617.38061,29,46,10,42,0.199543526,0.765260752,0.789255399,0.099180888,1276.526379,131.365983,219.452768,37.4666453,210.163635,1150.41514,126.621981,340.37549,TEST,124.6434,222.68756,32.148056,209.05566,1153.0703,128.79083,336.33334
2379.59302,29,48,10,17,0.509608262,3.4268645,0.599146258,0.20443554,1425.724253,301.625002,442.607668,134.230151,434.917422,1134.42205,291.400995,953.771192,TRAIN,306.02118,445.80716,132.34283,442.10895,1129.3522,288.33063,967.62415
3284.32145,16,66,14,46,2.69655151,2.04595379,0.718657238,0.111939432,2360.301382,514.032495,643.439742,305.109266,626.097335,2095.34482,264.110736,925.041785,TRAIN,516.7319,669.3341,298.88336,660.22253,2107.0542,258.00082,922.09595
3179.50142,23,63,14,49,0.20341381,0.859208371,0.924571881,0.028068781,2939.677609,159.3006,731.00183,23.2587899,702.308979,2857.41822,82.545433,239.315188,TRAIN,171.20819,736.286,21.168198,704.5398,2808.478,102.401596,272.51608
2331.64009,25,56,14,23,0.295375506,0.778847601,0.675020365,0.171007346,1573.904545,243.717897,227.595406,88.8476489,215.42321,1304.84427,269.157344,757.646634,TRAIN,251.18732,232.39444,93.35695,223.76108,1297.5787,262.59882,782.3533
2623.44209,29,66,12,27,1.41893683,3.25751201,0.859148285,0.24818894,2253.925772,215.517939,763.979005,69.257297,716.789023,1694.58679,559.415793,369.479135,TRAIN,212.46527,807.6525,72.31195,769.2434,1689.8878,562.3306,368.52606
2909.58902,17,58,8,33,0.238856242,0.973016135,0.646273911,0.163365706,1880.391475,315.745048,300.490225,116.462904,290.062555,1573.2208,307.193248,1029.33193,TRAIN,321.6582,291.0103,119.32057,284.0544,1556.9185,306.46762,1056.104
3208.28322,21,81,4,41,4.3911516,2.50578453,0.849577374,0.242442078,2725.684833,379.371205,814.012477,202.06823,770.797207,2065.49624,659.942908,482.595937,TRAIN,387.07748,808.5913,207.01979,771.0448,2072.2668,655.6649,487.70297
3281.44266,27,34,13,22,0.957266301,2.11198002,0.873281161,0.207543498,2865.622056,230.804685,814.050104,63.0652635,765.407132,2270.78917,594.722733,416.172228,TEST,237.21722,829.3112,64.69699,783.4496,2268.5142,602.0824,413.0392
1745.82327,28,83,6,50,3.58264323,3.03251761,0.877059978,0.281017817,1531.191719,167.870682,509.317159,79.6601336,481.825038,1101.59283,430.510166,213.757134,TRAIN,175.13077,499.08636,79.95781,474.13058,1075.598,438.0924,230.05841
1917.32693,13,35,5,25,3.87413303,0.607386443,0.871938272,0.254096504,1671.79073,195.526916,252.627156,90.74713,218.211794,1246.97591,424.793373,245.614267,TRAIN,209.90659,238.37979,105.28706,214.38052,1235.8783,427.81927,259.5462
2786.63217,30,97,11,16,3.77826497,2.85892725,0.583610985,0.102933455,1626.309146,750.053546,500.053422,515.492203,519.547218,1462.95578,168.17825,1155.5071,TEST,711.93176,504.32693,510.91446,505.6652,1473.1406,169.24275,1150.0066
1893.86483,29,87,6,45,1.83746278,1.60829634,0.85636325,0.05729343,1621.836241,162.233578,474.487038,59.5214854,457.030559,1528.91278,92.9217879,272.033006,TRAIN,164.1953,477.10156,64.51466,463.02625,1539.1227,92.417786,258.62274
1995.44283,26,89,8,48,0.192837073,4.37626837,0.8107142,0.036080987,1617.733838,153.952898,953.869942,37.8377852,950.048734,1559.34422,58.3687441,377.804315,TRAIN,150.43135,957.6726,40.72531,945.72156,1584.8466,53.458008,363.30154
3278.17721,15,79,11,49,3.93516836,3.47150497,0.594883098,0.181706896,1950.132214,836.329908,639.929425,594.876385,630.394333,1596.9668,354.607725,1326.58122,TRAIN,819.12646,643.2691,581.51843,639.33765,1591.0167,355.48795,1326.2261
2161.4456,31,93,5,29,0.775950947,1.82103644,0.655222746,0.097349782,1416.228321,267.725148,330.941746,122.633298,322.186139,1278.34045,137.864059,745.220382,TRAIN,267.57217,349.04025,118.381516,346.56085,1268.541,140.16962,755.25433
3297.4339,28,88,10,17,3.6392305,3.1458583,0.699871458,0.176715859,2307.779871,620.402771,749.142104,398.859665,725.156759,1898.34853,407.505783,991.636598,TRAIN,636.67236,776.8764,412.76013,763.594,1893.6864,408.69678,1003.48724
3229.59677,22,80,12,42,2.43882179,3.90645275,0.59411436,0.139964027,1918.749818,646.810069,713.04779,419.744355,705.679575,1650.48451,268.708932,1310.14848,TEST,646.57556,740.4191,410.36725,739.6394,1650.3812,268.6936,1309.5544
2830.19544,29,88,13,25,3.76158331,2.22210991,0.846527854,0.235264595,2395.839272,320.040067,683.757742,158.601643,657.678369,1832.52184,563.97886,433.498804,TRAIN,320.66174,650.8293,161.86539,617.3775,1826.8333,564.5199,437.79315
3129.07635,22,53,8,29,0.282824368,0.435841679,0.863853457,0.259044776,2703.063422,202.707378,367.026998,44.2281316,314.472715,2002.77669,700.183145,426.108971,TRAIN,201.43039,349.9862,40.11653,300.5995,2024.9304,692.25574,415.063
2252.52892,13,82,6,39,1.56657157,0.309927909,0.796240517,0.052058629,1793.554792,241.66525,238.505121,107.073152,231.131431,1694.86349,93.0897128,464.65895,TRAIN,238.08237,268.49942,107.6315,255.06116,1707.1958,95.61215,455.24768
3276.15426,23,54,11,35,2.55831894,2.57715494,0.720513338,0.138243936,2360.512842,498.41071,744.950609,270.186078,732.058916,2034.24609,326.258394,916.124959,TEST,500.5064,754.6107,282.04758,743.2586,2044.5073,322.8861,911.78796
1966.83493,25,51,9,20,3.365332,2.97214795,0.864104907,0.266420035,1699.551714,215.34659,522.031609,106.108181,496.476663,1246.81541,452.784347,267.004786,TRAIN,205.06282,547.06134,96.38633,520.9793,1234.264,452.9497,281.20383
2281.31662,25,84,9,16,3.72825658,1.07725667,0.694217346,0.240409155,1583.729569,443.86621,250.248724,292.331263,233.575366,1202.98107,380.828023,697.39932,TRAIN,448.16196,274.45508,293.13138,264.45715,1209.5199,374.16388,698.8346
3271.8095,17,44,11,31,1.66726499,2.90777863,0.894697089,0.179635751,2927.278435,235.453723,1086.7642,77.628084,1038.06854,2401.89997,525.527593,344.587797,TRAIN,243.51538,1083.3945,77.72334,1040.4115,2411.1829,523.4758,340.05463
3347.04347,26,73,7,44,0.704350014,3.50911072,0.619522346,0.072915164,2073.568223,433.711361,776.459757,200.58092,767.727616,1922.25322,151.417484,1273.44037,TRAIN,442.51196,827.0287,201.24832,830.67847,1913.7988,148.58078,1282.9648
2137.63711,21,52,14,38,0.21828643,2.20721059,0.891987757,0.067617663,1906.746131,125.526572,711.288834,22.9631617,698.851629,1777.95449,128.945239,230.89204,TRAIN,119.07103,711.1776,14.744385,689.61285,1787.0972,126.93285,237.05316
1965.18291,29,92,14,16,0.163077668,3.94165037,0.674315152,0.2009204,1325.152613,197.899287,502.80534,68.2217157,491.467798,1058.58393,266.533156,640.193082,TRAIN,202.53142,502.27982,70.01329,489.89624,1031.6604,265.49506,669.5242
2625.86546,29,55,15,49,0.331595462,1.3281219,0.912847233,0.078447848,2397.014019,156.739612,591.362205,28.1727712,573.282312,2210.39298,188.267746,227.045604,TRAIN,140.11565,654.01996,15.927643,622.901,2200.7317,183.44894,246.67584
1637.84022,17,55,13,21,0.213714712,2.86764204,0.919991204,0.03309358,1506.798596,87.9569351,714.325541,13.1384002,707.53247,1456.86593,49.8644617,131.220965,TEST,61.76465,728.9128,-8.900299,709.9039,1487.4863,43.17694,108.1463
1818.40707,25,33,9,14,0.571894034,1.41544232,0.812065502,0.093307365,1476.66565,149.664212,356.48661,45.1244222,346.339889,1338.85711,137.742359,341.679663,TRAIN,145.56328,364.42422,44.958313,348.81635,1341.717,138.06598,334.1367
2546.952,27,80,3,29,4.07405394,1.95439721,0.698634014,0.285522571,1779.387299,513.820092,393.066896,346.999964,383.288984,1271.18725,508.146483,767.472659,TRAIN,515.67255,379.6712,341.92795,367.33856,1265.9717,511.16907,772.03546
3225.21289,31,48,7,28,2.72751528,2.64710714,0.717026471,0.288994519,2312.563017,506.447281,605.956914,295.91053,583.771893,1644.22192,668.212215,912.418938,TEST,507.3994,632.86414,289.96872,611.5658,1664.8668,667.6575,898.7816
1927.60397,13,45,10,39,0.628872525,3.63442289,0.762846941,0.146141509,1470.466792,179.595447,621.756921,63.9187884,605.211354,1255.6508,214.896621,456.997735,TRAIN,190.51488,613.1244,72.882996,598.7532,1252.2694,218.03796,460.32913
2696.09181,24,83,14,16,4.59307529,4.58665248,0.573243713,0.173695563,1545.51768,795.777119,597.340622,598.637216,590.263924,1277.07911,268.48347,1150.83088,TRAIN,783.2273,626.95844,587.01135,622.2328,1271.4502,273.14777,1155.9121
3126.87804,24,56,11,37,1.41534693,2.49741306,0.87849969,0.288523872,2746.961389,245.594617,738.91388,82.960864,694.366951,1954.19471,792.577724,380.055539,TEST,236.9028,811.61084,73.74386,760.39343,1973.1812,774.94696,381.37555
1790.74045,31,85,4,49,1.69346617,3.87225569,0.714569475,0.031734025,1279.608463,237.589035,663.476858,120.439501,663.461236,1238.97375,40.6033094,511.153862,TRAIN,238.70409,645.2313,121.62816,642.773,1255.3936,35.51863,499.0321
3261.73642,24,89,14,16,0.263312112,0.561813163,0.571465117,0.047240383,1863.968585,399.53736,243.539904,166.899357,240.15847,1775.82685,88.0531908,1397.88222,TRAIN,416.71298,224.07947,182.93773,226.85129,1797.623,84.10693,1379.0396
2718.48303,13,40,10,13,1.33965893,3.01598137,0.766848953,0.085538284,2084.665865,295.912914,779.107398,133.394687,760.793211,1905.05537,178.578345,634.938807,TRAIN,298.1493,804.9624,131.87866,792.67834,1912.5795,174.30978,629.08624
2947.28373,11,39,7,23,3.89358754,0.237723009,0.730918755,0.177811001,2154.224955,544.641234,228.456613,358.906701,204.492004,1768.75837,382.583645,795.722272,TRAIN,534.5174,229.88654,344.07983,212.20428,1767.552,385.7646,798.20337
3476.78067,25,58,7,34,3.19532721,2.82894302,0.632394548,0.041016263,2198.69714,730.58198,785.196134,488.112084,780.856999,2108.6364,90.1355982,1278.22204,TRAIN,722.0997,771.9861,477.99103,776.2207,2092.1165,97.327484,1264.1438
3362.85042,24,80,6,17,1.28671437,4.08697883,0.725506466,0.27814436,2439.769724,399.188132,930.700034,183.504117,912.001336,1761.34275,678.677397,923.041188,TRAIN,404.29434,887.5227,183.33292,859.73303,1768.6019,677.56934,924.89935
1880.36007,20,83,17,47,0.356057502,0.273474886,0.717865134,0.089639233,1349.844934,188.281769,171.027764,61.3641549,165.901832,1228.66332,120.979283,530.799511,TRAIN,191.22523,157.90924,70.659225,148.8775,1210.4807,123.35051,551.79956
2369.89707,26,90,5,16,2.11560369,2.77943929,0.780253948,0.128864843,1849.121545,279.882933,659.870465,137.963714,644.559262,1610.90964,238.252944,520.766288,TRAIN,286.43744,641.58466,142.86327,627.27966,1616.4132,238.01631,513.42
1838.03055,28,38,6,25,0.311084283,2.46216784,0.746512111,0.058270857,1372.112066,167.653405,453.468268,55.5263336,443.199689,1291.9059,79.9395925,466.130503,TRAIN,168.79007,470.60825,55.755714,462.84482,1288.4163,76.33853,471.6208
2345.85797,19,41,11,32,2.28613222,3.0222053,0.87827389,0.090228476,2060.305805,192.039881,905.531856,72.0238766,888.554106,1873.56397,185.824973,286.45438,TRAIN,197.51433,881.5951,76.55503,860.84503,1886.1963,183.66748,281.01395
1554.06007,19,91,12,29,1.45711349,0.984813754,0.857912887,0.069348171,1333.248161,125.777982,291.533959,41.8338437,280.576826,1240.59601,92.4754126,220.953483,TEST,124.13197,304.3902,45.164352,287.65497,1253.8035,95.937256,205.3133
3178.71281,27,64,8,25,3.29368424,2.29186759,0.858649431,0.200574509,2729.399946,319.759019,801.310187,148.367707,755.511058,2182.0667,547.547824,449.313041,TRAIN,327.80823,805.44403,152.6209,768.71454,2185.9155,554.18713,443.67767
2024.04866,32,55,16,43,1.65547493,0.245077042,0.581063581,0.070585249,1176.100962,355.123875,121.167741,211.83453,116.293801,1093.05029,83.0115851,847.817617,TRAIN,356.029,104.28943,206.88354,105.949066,1102.3903,80.92445,839.4362
2503.70937,31,59,5,24,1.07622896,0.223649229,0.852935279,0.063330264,2135.50205,200.340257,286.756565,60.5791526,257.121347,2000.28338,135.345742,368.235742,TRAIN,195.36743,298.42853,63.605988,275.47067,2001.2252,134.69041,362.07803
1947.1403,32,93,11,27,2.09383221,0.209422152,0.556921599,0.153857296,1084.404489,395.684396,97.6140138,256.380947,102.939499,917.475114,166.880763,862.676684,TRAIN,396.34174,94.53641,255.1784,91.8295,922.7063,170.91502,845.44617
3360.31955,22,31,13,15,1.89245456,2.03616554,0.779365301,0.05045791,2618.916458,382.82201,821.116813,170.482434,809.221438,2486.78615,132.145678,741.243721,TRAIN,392.02783,802.85736,184.55995,790.88074,2483.146,136.43933,739.54333
3267.06444,29,85,8,42,4.59118703,0.86771731,0.848969857,0.186812669,2773.63923,395.118336,511.320152,214.252281,472.33916,2255.54738,518.05932,493.421274,TRAIN,407.40594,467.17413,223.85648,432.625,2251.149,522.9458,502.64487
1822.07661,18,57,7,20,4.24140198,1.76388127,0.727144184,0.04360983,1324.91241,343.596882,359.737042,225.445121,352.549421,1267.13735,57.7983284,497.179956,TRAIN,339.34595,363.17224,220.2005,359.91357,1251.4752,60.897293,509.61838
1664.0682,15,29,13,22,0.739295708,1.69441169,0.740359906,0.219697349,1232.009376,167.639728,280.907294,65.6259229,268.782766,961.341715,270.611116,432.142518,TRAIN,172.96593,263.74173,68.76244,250.66083,970.39307,261.60553,431.76993
2739.6248,30,73,6,21,0.226512361,2.93775917,0.772875694,0.057374294,2117.389419,230.126358,840.00799,67.5469701,831.973194,1995.38316,121.451922,622.917744,TRAIN,235.9751,836.76044,70.17781,824.8307,1976.8722,123.45096,641.5182
2383.77066,28,85,15,33,3.95530427,2.19560149,0.782774811,0.285041055,1865.955628,361.338918,471.164218,209.125648,454.967679,1333.16564,531.315971,519.308322,TRAIN,355.21518,449.90582,206.07838,429.14172,1332.1963,531.24304,524.4955
2249.83914,30,73,12,20,1.15109444,0.20561231,0.89774362,0.206055444,2019.778734,144.123029,248.288519,38.9044339,218.253224,1604.77413,416.609602,228.488174,TRAIN,154.3893,243.15875,44.0571,208.41516,1619.9164,409.27722,231.44495
2196.54195,20,47,11,41,0.231516309,4.07063235,0.854702785,0.140069947,1877.390522,148.408335,997.085015,31.6078436,975.932498,1614.30071,262.940621,319.514862,TRAIN,147.86073,921.25085,32.78784,895.9533,1629.9,258.8153,318.8593
3139.92894,27,50,15,15,2.16852492,1.8189588,0.623157827,0.052863056,1956.671295,565.845307,471.069653,347.703131,463.007003,1851.19156,103.467883,1185.43955,TRAIN,558.3236,485.2841,333.59888,488.8693,1864.3835,100.033615,1179.4644
2517.0492,28,100,10,30,1.06817172,0.588113511,0.612413685,0.168680646,1541.475376,365.938928,188.879269,183.316848,185.810301,1282.31355,260.178902,974.380753,TRAIN,357.87424,195.94452,178.82379,192.31677,1286.2692,257.55066,979.2443
2364.55194,33,80,15,36,2.83407511,0.899460727,0.685843233,0.091691712,1621.711947,406.587898,277.71735,250.382887,267.128538,1473.08168,148.729078,742.692189,TRAIN,409.89905,281.30823,247.29095,278.09128,1479.2648,149.13553,738.42224
1999.11259,15,83,10,37,2.9906156,2.5603691,0.791129337,0.138006388,1581.556618,283.121964,482.857984,162.028871,472.668876,1355.47032,217.042915,426.736878,TRAIN,264.95544,514.48773,143.7064,502.66608,1365.1426,214.75719,420.0232
3281.46517,27,95,5,25,2.31629455,2.35517705,0.736173654,0.199033616,2415.728205,474.457213,616.84827,265.789289,590.163312,1934.12094,480.591766,866.624488,TEST,465.48676,675.23254,251.46617,656.1185,1945.6793,485.24747,859.06226
2042.85526,29,82,5,33,1.24855005,1.74745814,0.847605314,0.076386436,1731.534974,171.488902,471.910239,55.2510987,449.087826,1599.25925,132.255976,311.312446,TRAIN,168.47084,512.8678,59.866646,496.25806,1607.2407,132.92972,300.90607
1708.74108,21,39,6,33,4.25435315,1.5113243,0.85157882,0.058713511,1455.127713,196.302077,403.665445,102.358726,394.539685,1369.70236,85.4530572,253.572358,TRAIN,200.34511,393.05573,106.0395,382.3747,1363.7113,87.56685,257.80563
1935.29316,32,44,4,20,3.39837532,3.62910656,0.645416715,0.093720375,1249.070554,404.210272,515.179786,270.843808,517.479045,1132.14513,117.066736,686.197771,TRAIN,403.1106,488.27133,265.5832,486.87598,1133.4022,123.59572,677.1328
3132.53592,31,48,3,24,4.38084972,0.91693351,0.634329657,0.074961128,1987.060436,780.304932,336.890875,562.994632,342.584049,1838.10279,148.954284,1145.47131,TRAIN,776.0669,315.61508,554.4042,315.66122,1838.5453,142.11325,1159.2073
3362.91677,24,49,8,40,3.58923904,0.528949537,0.598392994,0.202651208,2012.345835,806.858876,226.13782,555.245105,226.257814,1600.88037,406.980842,1355.16014,TRAIN,792.22156,223.57764,550.50806,217.64236,1614.3145,411.54083,1333.6349
2228.80967,32,75,5,20,2.57719164,0.835200681,0.865358328,0.2009106,1928.719009,200.809213,327.935323,83.239982,289.197653,1541.14388,387.4607,300.21451,TRAIN,212.32883,328.63068,93.73499,301.8111,1555.9932,379.01367,293.77695
1967.98085,17,58,4,15,2.26725099,3.97147539,0.821117255,0.17107955,1615.943033,207.966176,738.068686,91.2424888,724.330951,1340.08319,276.614821,351.310221,TRAIN,211.51648,719.27734,99.78564,699.31647,1347.558,272.19833,345.6043
2872.70947,23,75,4,24,1.23463866,2.75202742,0.87951391,0.189985912,2526.587938,203.181111,918.334685,60.5303968,879.756835,2046.27681,480.124257,345.924036,TRAIN,209.22916,877.8502,62.792633,838.98035,2045.0763,486.51785,338.01776
2531.0657,31,63,16,47,2.50891326,3.82675281,0.880033451,0.274011164,2227.422483,215.798195,885.700626,84.0640543,846.215715,1615.87275,609.988721,305.277539,TEST,220.62102,860.5615,85.680984,821.03784,1605.9922,605.84155,325.22107
2158.43998,23,75,10,30,0.785336737,1.49068295,0.58014772,0.188258467,1252.214033,311.793879,227.483224,149.314391,229.556073,1016.66964,235.795135,906.269193,TRAIN,303.03806,225.65637,145.87608,224.05246,1009.4364,235.37372,914.13385
2004.27259,29,95,13,29,2.18676509,3.95694566,0.631750954,0.045239146,1266.201121,351.396886,603.823024,211.347257,608.86823,1208.98478,57.2849627,737.987528,TRAIN,351.44266,568.9435,209.0506,569.72284,1219.1819,55.917297,726.5634
2174.6242,14,76,3,27,4.55416628,1.85636969,0.614096285,0.077748774,1335.428642,598.654577,326.147276,420.788153,347.056317,1231.06845,103.783062,839.943107,TEST,607.8423,326.61664,455.27292,325.23804,1191.8765,116.47415,868.4989
1668.18204,26,98,8,16,4.08078974,1.70542663,0.856751459,0.054894558,1429.217397,187.833423,425.448228,92.8163968,419.095956,1351.38327,78.4923922,238.218795,TRAIN,190.90778,417.9422,102.20593,404.3193,1345.4003,83.84311,236.26294
1831.76794,25,83,3,42,1.06024831,0.425238985,0.700176453,0.04764878,1282.560779,221.26362,191.309756,100.999505,188.943966,1221.40384,61.1124526,549.228146,TRAIN,223.3349,167.87735,103.51948,162.70044,1216.6512,59.02916,552.9525
3429.49135,30,78,14,24,4.41850448,2.47660918,0.725530237,0.201801115,2488.199672,664.867539,714.726037,442.390215,701.793239,1985.93716,501.964239,941.319857,TEST,679.33014,696.0909,451.9479,676.66187,1958.6025,505.91086,972.4419
2245.64424,22,100,9,39,2.1002338,0.572486418,0.554156845,0.212281484,1244.439127,449.542033,141.58496,288.275705,143.400112,980.200328,264.123317,1001.25826,TRAIN,458.08536,150.70914,294.68668,147.78549,982.0467,267.37424,991.26105
2162.89889,28,79,6,27,2.53724156,1.74317019,0.700737809,0.078577639,1515.625029,340.622826,393.997173,191.737384,394.801761,1397.97601,119.217686,645.791252,TRAIN,345.1079,392.58527,199.88564,389.47174,1400.4246,122.22015,638.9904
1687.36968,32,89,13,46,4.44492805,2.84037492,0.673182811,0.115683698,1135.908264,377.85873,369.216202,265.125509,362.291983,1004.53115,131.432962,551.412333,TRAIN,376.80917,356.6092,257.9163,353.3909,985.1485,139.60883,567.8319
3111.15637,20,64,15,33,2.2626038,2.57969509,0.904476569,0.159117034,2813.968039,219.84245,1038.74694,75.6888388,993.295915,2362.35883,447.073467,302.154341,TRAIN,235.82664,991.9668,80.52428,951.4439,2362.4172,450.32227,303.88986
2573.38826,27,43,11,37,2.07795179,3.95709487,0.682802098,0.121639224,1757.114903,410.282726,801.166506,213.077953,809.559874,1544.26554,213.854211,815.054647,TRAIN,398.54602,758.53516,219.56947,753.7494,1545.9818,215.70593,811.8793
2844.7129,29,78,10,30,0.506228051,1.95851081,0.811396736,0.03771874,2308.190762,235.545154,710.706716,72.3868466,700.221153,2221.66944,87.0832426,536.047708,TRAIN,233.44229,728.4114,71.06725,713.0581,2207.5054,94.97589,542.4855
3467.23078,26,69,15,49,2.56146015,2.83466026,0.730145553,0.189582132,2531.583135,526.554499,829.612538,274.490322,828.135297,2051.26193,479.458664,936.638388,TRAIN,511.51288,830.7827,283.1869,811.3656,2055.3145,483.18213,923.3497
1624.30599,22,97,10,39,0.517420433,2.09233482,0.762178197,0.099822917,1238.010611,149.521321,376.330547,50.2169697,363.594274,1114.44487,123.584458,386.233388,TRAIN,151.48793,367.2218,54.241066,356.13916,1108.5525,128.43387,389.93338
1838.5573,16,42,8,31,0.224901383,1.70855175,0.649566479,0.278143021,1194.265192,197.700201,215.887549,75.182897,203.002237,862.326199,332.286216,643.959622,TRAIN,191.88625,208.49097,66.444305,198.86972,854.20734,332.3653,651.07324
2415.31015,27,88,7,41,4.14194266,3.55359004,0.85943082,0.155434305,2075.791983,264.322999,903.560069,134.326002,871.456556,1753.13577,322.663941,339.513875,TRAIN,269.37253,878.807,136.38348,856.4139,1747.8153,317.2245,351.5655
2618.88441,27,41,11,28,1.05211033,4.11398835,0.553209911,0.191488697,1448.792811,415.292418,531.712051,227.015728,532.543772,1171.46701,277.502805,1170.02434,TRAIN,422.09827,532.1486,225.08449,531.0116,1171.5571,284.70798,1165.9849
2356.12227,20,80,12,30,0.964225603,0.947529546,0.638115224,0.048418948,1503.47749,317.871792,266.242588,145.170801,272.939741,1433.98058,72.9622839,849.243998,TRAIN,312.4139,265.12006,147.60481,265.18732,1421.0935,73.133224,867.2733
3408.0652,27,93,3,36,1.52860912,3.01440447,0.715017926,0.062901095,2436.827711,439.048115,965.923373,216.971807,966.081006,2283.5282,153.277764,971.207543,TRAIN,443.41907,943.8856,217.21059,939.96826,2282.774,151.5505,972.0359
2962.12607,31,51,11,49,3.90870473,0.58270036,0.861229916,0.111150122,2551.071586,316.333624,423.972751,155.435938,384.978561,2267.50623,283.598807,411.046225,TEST,311.95132,424.558,150.72331,397.6551,2265.967,282.4411,410.95804
2188.84281,29,77,11,30,4.16440585,0.599786958,0.827944173,0.060894964,1812.23965,282.064861,310.676644,156.821777,296.883106,1701.81981,110.448565,376.615696,TRAIN,282.44293,293.8496,156.48659,280.2931,1688.9824,112.80618,390.7181
2733.54918,32,31,9,21,0.31104741,2.89954405,0.564479413,0.139611544,1543.032237,354.791091,460.249293,146.212418,466.642562,1328.00248,215.128203,1190.31621,TRAIN,358.1535,450.79486,153.30386,454.52615,1330.5968,213.50385,1198.3127
1914.14865,29,40,7,38,0.445004417,1.60483635,0.811105871,0.090762524,1552.577208,153.646293,420.558089,43.9903377,409.721525,1411.72712,140.909244,361.433421,TRAIN,152.0891,417.33966,44.469193,403.05023,1413.6398,141.27695,357.32437
3006.49866,29,67,16,44,1.0115621,2.83002609,0.637576667,0.24349087,1916.873395,408.549989,493.67558,200.167098,475.120939,1449.90382,466.724991,1090.23603,TRAIN,411.14447,535.19293,195.3771,525.9215,1450.8389,465.4381,1096.4779
1918.56932,27,82,12,34,3.8025839,3.11978007,0.875847619,0.192718682,1680.374371,190.51835,600.485592,88.2567193,563.913101,1356.85355,323.398734,238.071631,TEST,196.81142,625.41223,92.93957,603.01917,1345.3292,314.9275,259.0877
1990.25351,26,98,8,37,1.48068768,1.86443496,0.853066101,0.111813447,1697.817802,165.249953,490.31529,55.8579204,472.367692,1507.95045,189.86552,292.435463,TEST,169.27432,505.8872,63.749695,487.1824,1513.954,190.41934,284.86722
2819.74037,33,49,9,16,1.44654544,2.8081728,0.866910637,0.19172364,2444.46292,223.777815,829.62003,71.1729486,787.20911,1975.52603,469.012012,375.272856,TRAIN,221.32617,849.79767,72.300865,812.97766,1967.4122,475.7027,370.50458
2511.94475,27,59,7,22,0.403918272,2.00208174,0.690643232,0.089734578,1734.857641,263.307474,472.048535,96.7217831,466.799813,1578.55345,155.582467,777.634992,TRAIN,268.40457,467.72818,100.10458,462.9547,1565.3424,152.44771,799.8014
1556.7068,32,38,13,27,4.21960464,0.488983542,0.61735857,0.15620717,961.046284,393.907061,111.512671,284.226291,106.673336,811.211677,150.141055,595.487506,TRAIN,402.97256,114.05762,289.75757,109.37671,818.65576,154.2882,602.27747
2472.27376,26,98,9,24,4.30024552,0.735478465,0.626431879,0.153784706,1548.711097,620.76656,213.28727,448.188725,206.379711,1310.50492,238.075024,923.562016,TEST,636.71155,223.93759,463.6621,218.43582,1301.0543,237.75636,937.21606
2600.30055,32,34,8,22,4.178086,0.757281972,0.864224059,0.059488072,2247.242296,281.363932,438.860458,140.968463,413.146014,2113.85629,133.48489,352.973424,TEST,282.122,406.27615,140.80176,387.48297,2093.4297,133.24002,368.3619
1798.38067,29,76,7,15,3.83325867,4.2837441,0.678947721,0.047825854,1221.006457,368.803977,579.88475,247.947773,573.830385,1162.70702,58.3413625,577.299753,TRAIN,359.0981,602.91785,237.11766,599.7304,1168.2295,59.514038,571.5211
2833.88295,15,64,9,40,0.495969881,2.52156536,0.554899823,0.159078325,1572.521147,380.933822,394.095173,179.690794,387.304164,1322.37964,250.177828,1261.13819,TRAIN,400.49628,385.3224,190.8301,387.2231,1316.5662,253.87408,1265.5162
2566.50977,24,74,7,29,0.176394744,4.0798395,0.820145839,0.215909467,2104.912309,192.518913,915.210393,46.9046832,883.684027,1650.29865,454.528934,461.658597,TRAIN,187.92714,885.55383,45.623627,853.2238,1649.5868,450.33655,464.73584
2653.63211,27,78,7,49,4.12253803,0.308019679,0.726530944,0.126655249,1927.945842,493.976462,239.959043,321.681999,230.565544,1683.80458,244.137906,725.68517,TRAIN,492.44376,222.28848,317.6645,212.26288,1675.7026,243.0448,737.4175
1667.4861,25,45,7,13,0.407155457,4.52026583,0.585140385,0.13162223,975.7134585,209.364759,400.760443,92.4401662,395.899178,847.447126,128.4115,691.695487,TRAIN,210.76688,426.53705,89.342964,420.83432,826.2517,145.68968,707.9015
1541.79545,28,83,7,18,2.6497842,0.842937611,0.732481361,0.109461939,1129.33643,228.567769,192.22887,125.72277,186.210146,1005.7891,123.52908,412.395143,TRAIN,232.50626,202.80753,134.01978,193.24973,1019.4977,129.03653,401.59076
2422.21633,24,66,9,22,4.02165789,1.06309356,0.554025637,0.284174158,1341.969945,680.183105,179.511762,505.969132,179.890005,960.305334,381.620292,1080.22809,TRAIN,692.99524,202.93793,518.0121,196.97928,957.465,397.95535,1064.6208
2528.36267,21,81,12,30,3.24941895,2.41905159,0.617944206,0.046863677,1562.387063,549.11038,499.933167,372.782632,504.802632,1489.52466,72.9627697,965.912288,TEST,560.8021,474.81653,380.4048,478.54565,1487.714,75.64249,966.82495
2596.90626,26,39,5,13,0.836328696,0.163453,0.755929816,0.277058061,1963.078871,263.949398,186.607453,104.744738,163.774006,1419.10758,543.836196,634.073421,TRAIN,264.0492,187.82233,105.45654,163.10931,1438.0199,547.94055,616.41986
2325.27506,26,41,8,17,0.880830671,3.8009498,0.850911195,0.277481971,1978.60258,184.246585,691.161417,51.5542093,646.587399,1429.40769,549.367404,346.711899,TRAIN,180.7369,760.49927,54.922768,724.4435,1422.0587,554.4112,352.99905
2525.63205,13,48,8,27,1.51000004,1.17486853,0.587209845,0.066190397,1483.076005,448.248952,269.811329,243.371917,286.079415,1383.32117,98.0423504,1044.29688,TEST,424.09964,272.4033,241.45428,275.31686,1378.6136,101.96715,1047.0287
3284.87243,31,29,15,15,3.97523646,0.229475506,0.857486661,0.196356699,2816.734292,357.03857,343.238987,179.023326,302.532417,2263.67296,552.966164,468.138911,TRAIN,365.59772,332.94766,183.84114,293.34485,2265.7544,559.3462,466.46033
2324.49468,33,83,12,42,0.926123407,0.547471238,0.828195113,0.125089861,1925.135134,195.629997,306.740901,61.0118126,295.203779,1684.35566,240.87544,399.344475,TRAIN,196.55573,299.4309,68.30356,277.18784,1695.714,237.3836,394.06238
1714.97526,31,71,15,48,0.154118791,2.10632582,0.769888358,0.145600398,1320.339487,142.470263,374.279399,40.7189126,359.539785,1128.01251,192.491796,394.565134,TRAIN,142.49025,372.1662,40.178925,358.30597,1121.2142,194.11298,397.87857
1803.82045,21,66,17,46,3.91981776,0.321835659,0.713023694,0.102273071,1286.166721,340.878846,159.872849,224.614029,151.233432,1153.6553,131.446014,518.828353,TRAIN,336.57257,150.30664,215.05157,144.36356,1140.4099,136.99002,527.22296
1972.19533,32,76,6,21,3.78184664,3.72068499,0.83089754,0.033918192,1638.692248,250.933475,804.213504,140.490419,794.352906,1582.44966,55.5596896,334.298201,TRAIN,236.20937,830.093,124.742096,820.75696,1586.2667,57.785416,331.17062
2388.24576,23,97,17,43,1.49717457,3.37004546,0.648992687,0.188678836,1549.954033,367.497707,524.084176,181.29838,523.749276,1251.5498,291.140123,845.73174,TRAIN,359.13748,512.62,189.86131,506.29083,1257.7395,289.9704,843.0074
2735.50795,31,69,10,41,2.75628227,3.76620667,0.859663994,0.183666129,2351.61769,258.265111,996.997547,110.909062,956.205794,1919.84044,431.963577,383.890919,TRAIN,258.73615,996.42004,110.52602,965.312,1927.2021,425.95236,376.00336
1734.5179,14,63,8,44,0.59096147,3.05733093,0.67579195,0.152868306,1172.173234,201.248518,370.226717,84.5607783,361.791916,993.293971,179.353486,561.940777,TRAIN,203.80304,371.04486,86.45998,364.02258,982.9803,182.52628,570.9037
1917.28051,26,95,5,23,0.902750013,0.371594726,0.865825422,0.273117262,1660.030207,140.893158,205.256525,38.936825,168.649949,1206.89253,453.285334,257.254554,TRAIN,141.93918,216.43448,43.570206,187.21964,1208.6329,462.034,248.5375
2201.2361,28,72,7,45,1.50690229,1.70391413,0.632682923,0.043061808,1392.68449,335.114824,360.464281,182.604046,365.211309,1332.67632,59.9701834,808.563976,TRAIN,339.88068,347.2406,182.1122,351.0614,1332.7737,58.30748,811.73456
1628.8409,17,46,8,45,0.291611693,1.89220912,0.872947491,0.248946576,1421.892577,100.67138,375.543937,21.7537705,352.702246,1068.19745,354.077847,206.519852,TRAIN,97.67023,359.7713,13.868347,335.42853,1066.5201,351.3886,213.39874
2758.35043,11,44,3,32,4.22424045,3.7218153,0.679259134,0.149820664,1873.634724,607.708624,711.990911,423.619949,699.050659,1590.31568,280.223209,887.612937,TRAIN,609.0919,711.4809,419.10913,705.69507,1577.918,275.31543,907.38074
1653.70706,29,62,4,48,3.57097448,3.44691312,0.864673727,0.061926615,1429.917047,167.222388,682.375734,79.5499653,667.792618,1341.29024,88.6498785,223.785078,TRAIN,165.39522,711.51917,77.988525,699.4484,1355.0004,91.12395,209.72287
1638.15094,18,47,14,40,3.24174453,4.56395252,0.806632984,0.118129875,1321.386581,206.333509,712.493336,109.129886,697.966535,1166.04379,156.131059,315.970378,TRAIN,203.34645,728.4441,106.6492,714.43463,1166.1666,166.3952,312.5731
2311.50518,16,43,5,37,4.51230198,0.470005878,0.690494634,0.231811025,1596.081923,486.155859,187.587345,319.804556,179.219944,1228.281,370.604739,712.811232,TRAIN,504.94858,192.20334,346.8869,182.28561,1217.4102,366.25702,732.927
2822.59284,16,92,13,44,2.23508974,4.56153438,0.671918827,0.044669456,1896.55327,457.290192,964.68336,267.364044,951.87035,1814.55902,84.852216,923.340268,TRAIN,463.89517,992.0469,269.73462,993.8623,1836.5396,83.570724,908.47876
2874.61024,10,70,5,36,4.36144977,4.30003006,0.745547624,0.262975761,2143.158834,547.419064,779.821947,369.637018,750.131685,1578.86748,562.993138,732.76261,TRAIN,520.1113,819.688,334.1066,797.2716,1566.7614,555.68256,752.77264
2506.49473,20,80,8,36,3.42542237,2.961488,0.65045463,0.225161272,1630.361102,526.148571,459.144864,351.461127,447.482767,1262.71106,367.262431,876.559951,TEST,528.87756,460.85065,351.232,454.53436,1267.8752,356.98376,879.95966
2087.66049,24,74,4,24,2.774006,1.05949029,0.629551668,0.085108534,1314.290144,412.166987,231.513692,266.780762,231.260033,1202.45267,111.861166,773.363417,TRAIN,415.51672,243.08716,268.5117,241.74744,1202.028,119.57565,761.8933
1939.66696,29,50,6,37,3.08196125,1.43885372,0.605726619,0.098108979,1174.90791,424.828354,240.455523,276.282665,246.220904,1058.97235,115.207816,765.504938,TEST,430.621,244.45056,289.37585,245.08426,1056.886,123.774155,754.99005
3012.04881,32,36,6,26,2.30703465,2.25180863,0.618166048,0.046455638,1861.946309,556.031783,581.338624,346.822654,587.358367,1775.96969,86.4951982,1149.80765,TRAIN,559.68616,543.95074,340.36365,551.20416,1788.0377,83.79416,1145.9794
3316.18732,32,37,9,32,4.01196579,0.6347102,0.861074232,0.068595747,2855.48345,355.316117,528.295815,176.129774,513.922694,2662.46246,196.042643,457.69696,TRAIN,365.3568,535.28314,181.11226,511.63895,2639.0142,197.88751,479.5359
3422.90515,26,68,15,48,2.83818569,1.63153431,0.67720279,0.27176721,2318.000917,616.421262,420.984583,385.707188,400.998554,1685.76562,629.42947,1107.8736,TEST,610.2573,458.96484,373.21716,441.8963,1698.6278,632.38,1095.3146
2640.58269,30,70,9,24,3.43661138,3.14519423,0.628883745,0.151378126,1660.619531,575.457745,577.623661,391.815569,581.657645,1409.11021,251.370997,980.071117,TRAIN,586.93463,539.86505,397.04242,538.06244,1414.0608,249.6052,979.7386
1624.0493,26,54,5,24,1.96271544,0.532197067,0.640381918,0.22757209,1040.011806,269.28367,117.537882,157.747991,110.316456,803.383701,236.486175,584.16271,TRAIN,269.28214,134.53372,155.12366,127.93002,823.54694,234.693,567.8303
2635.51729,26,74,13,45,2.7223705,1.32778619,0.804587927,0.227284397,2120.505393,324.815606,409.173944,172.647695,385.106004,1640.40026,482.479687,512.443422,TRAIN,310.84604,425.58563,155.04932,400.5411,1652.1626,479.0657,501.54312
3148.37445,12,96,10,30,3.90446083,1.80408329,0.866544647,0.086614498,2728.207026,347.518423,772.518315,180.316958,741.915156,2494.39415,235.832317,417.919575,TRAIN,348.1989,785.80896,178.45395,761.9403,2490.3958,234.63345,432.22852
3066.44297,24,73,10,14,1.70946825,3.20920937,0.775917597,0.060219862,2379.307061,350.006302,1037.82544,150.460477,1039.63682,2234.84475,143.138438,688.199624,TRAIN,354.31955,986.9985,164.08664,976.37866,2236.6724,144.43257,693.09143
1665.52404,15,63,6,25,0.747095347,2.58428993,0.732299485,0.203348031,1219.662397,176.085971,336.915069,70.074466,322.885337,972.06656,247.990954,445.648346,TRAIN,177.77841,337.151,72.61335,324.81116,972.5877,239.68622,451.81055
3300.63811,28,51,11,37,2.89112675,0.417399155,0.888523825,0.128238727,2932.695598,293.26806,417.576716,122.999706,392.028333,2557.28015,376.227133,367.394324,TRAIN,288.89624,481.97873,117.01077,444.949,2547.8035,382.37436,370.0022
