QR1,QR2,QC1,QC2,SAF,GREEN DIESEL (G),NAPHTHA (N)
261.086861,406.990815,104.347078,380.447743,1930.99472,277.977819,439.426188
310.544079,549.596328,164.043225,522.07043,1872.57964,444.882342,404.326821
565.764767,455.144304,379.40587,447.26899,1435.96785,208.381168,1052.20989
367.927469,570.503974,226.477867,565.94798,1543.90853,47.9368839,595.356381
343.330017,420.139023,175.22907,417.114383,1198.08292,117.419505,1055.27372
416.045649,104.215884,296.842865,101.81346,867.520818,199.301881,601.364516
159.752983,371.268281,69.5758351,358.254742,1595.10077,141.138619,220.178138
331.602775,241.468027,215.811668,226.846577,1122.18234,191.859692,476.86794
463.165365,112.758115,297.556157,117.73665,939.813373,336.423187,917.83908
399.018194,570.464787,186.721986,580.724081,1366.04348,206.95599,1162.37858
555.254882,365.852852,330.091067,368.635684,1257.80315,383.540229,1316.24209
550.123735,645.843667,331.022083,650.112136,2154.64073,120.767366,824.785505
226.789386,236.461194,118.963836,210.064354,1154.83873,461.596474,283.592509
178.964151,466.232062,79.9551829,431.112164,1280.66825,465.51389,238.297354
230.651233,744.852053,116.299751,723.989533,1669.87511,148.125429,313.363805
235.160045,836.928777,117.83393,825.445843,1668.19278,145.481687,312.014305
167.914155,266.809266,71.5259552,250.101634,1493.69608,44.0682432,235.759828
314.012721,395.933127,102.831772,370.841248,2033.81257,486.179512,836.544822
718.012652,358.604569,527.406734,355.922353,1402.06219,39.2530617,1155.22897
214.614771,215.093436,104.131573,198.754325,1548.24414,100.000907,312.395397
253.101445,313.513278,146.569272,309.256811,1050.26272,94.1902159,453.518275
148.418959,203.296138,48.1965195,189.805067,941.490168,282.672367,413.953164
158.257348,152.096793,59.6974629,140.797768,1036.96644,162.064,391.777991
498.58519,518.934442,302.308013,499.741712,1890.98757,383.819867,819.973497
316.979519,604.749077,182.343846,604.889425,1181.80795,34.5998268,715.974195
262.85562,735.245616,124.094706,727.445627,1373.44687,51.3724471,670.683713
776.310443,760.844153,515.241587,778.615658,1844.09341,237.878046,1218.21979
235.26823,454.792921,109.344308,454.850256,1040.35846,39.6970586,685.393599
345.410641,263.689756,221.946092,261.326801,896.681084,205.782351,528.290417
485.637063,392.352856,219.227597,403.375793,1357.24554,491.391243,1490.397
275.218673,554.489677,138.326668,561.486187,1135.46047,74.3480892,625.574089
469.590489,212.232188,251.308691,221.48589,1606.18151,88.6219694,1348.58132
263.760655,418.950912,106.164048,385.064693,2030.47489,393.384585,426.425134
313.638956,750.983625,161.384562,728.967123,1982.49421,342.89074,433.959137
141.020721,749.183053,21.8345565,710.511987,1940.9473,478.951744,203.091888
256.479605,537.37258,122.151966,532.726146,1099.6082,112.958096,716.881445
351.740893,321.591271,200.134652,315.746661,1421.58832,149.49524,663.899261
453.475795,313.101786,286.98048,305.540127,1461.52724,269.085038,717.340822
528.444982,266.247919,287.297978,254.717535,1621.80084,452.096708,1324.27921
397.065049,665.015919,248.140758,655.549867,1320.69479,221.800586,710.931174
253.026401,720.50739,80.8136589,701.11691,2227.48021,139.00052,561.040146
573.074874,280.762625,400.48406,273.367092,1500.07382,67.1517022,945.7277
550.21793,1028.8288,342.069839,1018.87671,2139.3537,159.067683,919.587764
230.293984,624.145559,80.3516448,595.82573,1568.66803,582.627135,411.695704
654.371797,857.257284,434.197103,860.659206,1951.05277,77.542328,1151.11204
380.146321,301.585282,196.678926,300.258267,1252.66322,298.694064,927.876324
254.800929,396.319581,88.532454,353.199047,1957.13641,718.793261,407.494736
94.2315502,237.820615,19.8285901,210.34368,993.565283,366.862743,170.202069
264.234856,1059.17613,127.065093,1037.34585,1823.00557,211.262936,351.637329
395.853054,971.520671,208.175506,919.247116,2361.24026,546.961235,501.483247
244.780939,935.363434,66.5274506,882.310241,2038.30252,827.215971,492.847346
106.142148,614.006162,22.1239493,586.745294,1235.08555,299.767113,183.691494
126.710812,471.424004,32.0000827,451.815588,1494.10518,212.171559,206.446677
138.875746,724.82784,35.9568544,710.480547,1838.04933,147.446101,220.435308
169.472978,199.011924,82.012809,191.406306,1228.74794,54.7877693,255.433706
804.510367,1048.18074,566.027548,1056.25242,2098.66218,112.719632,1237.96619
447.7788,459.878931,267.699282,444.490439,1666.80581,309.817371,738.860699
211.951413,687.805988,76.8980943,675.867592,1629.59435,142.564381,458.256874
245.243634,370.2571,98.5246655,365.959759,964.83263,228.426521,852.557162
110.852138,553.181593,17.7554901,520.832887,1647.07972,305.582356,159.57266
244.991554,415.674765,119.227696,405.200457,1207.91839,146.939749,552.405926
246.700239,433.909539,140.542021,427.733318,1076.61073,112.156909,448.488895
566.75067,617.633781,353.017864,609.529655,1964.41051,280.682734,826.45873
265.79492,357.69913,138.269244,357.398762,1008.39177,40.6403522,736.218648
160.408828,578.851724,72.8152417,552.835156,1332.16011,191.616417,168.566577
157.248426,840.238969,65.1240588,818.379071,1416.15312,236.201302,224.608464
616.187277,393.912215,443.925243,384.660501,1196.96421,356.052646,910.313454
447.002511,308.62763,235.46683,324.616201,1601.43978,96.1720627,968.166123
248.151074,1001.36657,85.8394756,986.295622,2285.00122,200.445212,453.504071
202.241434,876.702384,57.7510791,856.689341,1882.41535,125.906005,528.281834
609.251518,749.302657,401.975312,732.630288,1727.82939,605.638402,867.748068
254.094996,756.904407,101.997053,719.654975,1595.33959,591.913886,472.781921
473.138023,731.957983,304.859312,733.840843,1444.87744,137.467613,863.790303
343.067702,191.147883,196.08773,188.42005,1216.11147,102.683203,788.442156
704.995189,544.49074,485.356078,534.458909,2017.90325,256.108691,1039.31716
266.396173,840.049733,86.4195259,812.375875,2441.77,341.147918,531.385276
183.922537,695.870103,70.9841642,670.876906,1611.68393,416.594753,199.637323
727.302113,929.30736,484.419192,953.727483,1866.54104,76.9385441,1112.81064
199.864501,334.80948,74.0972761,304.387352,1636.15627,321.574342,325.822018
453.910918,454.997828,285.637793,449.837291,1550.54071,55.8173965,903.072874
604.496187,211.458913,400.417621,210.157165,1463.78233,395.125569,1073.80347
464.787433,500.385099,233.469699,489.115444,1958.76744,138.441469,1272.66217
170.619386,167.767706,75.6383089,158.484335,1307.55967,56.2187411,302.836948
519.460487,394.895402,377.592509,394.778115,793.840683,304.020712,887.148897
550.141265,486.374955,347.08785,482.960916,1820.64647,109.366151,1014.41813
221.070573,488.445615,56.6218153,458.095573,2413.74951,157.596979,463.419274
213.173386,1060.12958,49.1922242,1039.01277,2503.32417,86.0182523,472.438553
543.919547,454.534944,347.151078,449.795734,1322.09977,355.184374,934.279197
176.998459,602.382665,52.2457541,604.678634,1107.04898,97.6707104,503.945258
136.755857,359.584516,40.6677823,338.19553,1019.74911,380.577008,279.302984
340.40612,989.370936,162.633472,970.907102,2276.08438,271.857345,503.641872
629.153718,656.380541,385.317851,656.51064,1782.01182,125.095255,1349.67032
311.498047,337.808991,200.051597,339.705061,951.309684,75.7096954,575.897538
317.243629,449.133194,125.31042,443.011555,1517.86929,94.1897584,1142.26931
197.276123,985.800355,70.9472721,950.347587,1778.04079,173.429538,339.561082
260.181331,421.018892,68.3964458,383.340006,2313.87129,504.022143,561.232294
205.570415,240.646624,88.8472643,238.868925,873.486138,90.4654823,658.845851
174.593037,368.975114,47.3161204,346.16917,1761.05984,206.866151,450.553313
390.889276,331.286892,267.385187,326.830397,774.706098,205.255164,751.301102
596.79028,818.040731,388.168011,824.141603,1700.91055,196.062991,1091.29326
204.99136,589.740052,54.715921,570.482982,1367.70677,498.46182,530.71729
147.818382,364.971724,28.3965701,330.935623,1728.77118,473.595806,207.918165
352.806332,1076.47165,173.445435,1050.48407,2494.47253,325.471658,474.564084
624.559129,200.639988,442.941741,200.003299,1453.65489,58.4038217,1039.02657
141.138967,1074.30135,32.9772743,1063.28736,1949.96955,126.302618,211.776928
250.794321,549.230455,131.04763,522.717231,1897.08838,252.305211,270.680515
175.227935,584.072605,43.9586173,573.411619,1966.2487,70.0109243,408.478322
174.197005,335.435842,71.9049534,311.784068,1182.57417,392.046708,277.477046
391.204237,288.912286,186.294945,289.723966,1358.77731,295.949958,1106.74134
246.486626,742.393985,103.286236,725.198464,1523.79211,181.825333,607.961842
234.157799,367.140233,59.9546095,324.553812,1938.03398,645.688785,510.575195
243.168315,1006.32118,111.55424,992.934025,1638.56841,152.334507,403.872257
207.079175,699.36585,62.9384118,670.493456,1352.57983,558.986033,548.600158
419.515115,796.76047,235.031341,784.254467,2331.02372,257.569795,552.447077
433.341127,275.081153,227.790034,275.085367,1604.12933,244.641634,955.92877
279.823355,420.057081,122.425378,421.141021,1042.69672,254.74399,789.765403
371.899824,273.240625,250.031482,269.587717,1008.67742,44.0325011,662.843489
819.869582,179.707482,561.761194,179.372595,1714.32672,245.172098,1478.46094
275.697615,1022.80124,93.0382737,991.559141,2260.6033,424.319504,548.085013
131.365983,219.452768,37.4666453,210.163635,1150.41514,126.621981,340.37549
301.625002,442.607668,134.230151,434.917422,1134.42205,291.400995,953.771192
514.032495,643.439742,305.109266,626.097335,2095.34482,264.110736,925.041785
159.3006,731.00183,23.2587899,702.308979,2857.41822,82.545433,239.315188
243.717897,227.595406,88.8476489,215.42321,1304.84427,269.157344,757.646634
215.517939,763.979005,69.257297,716.789023,1694.58679,559.415793,369.479135
315.745048,300.490225,116.462904,290.062555,1573.2208,307.193248,1029.33193
379.371205,814.012477,202.06823,770.797207,2065.49624,659.942908,482.595937
230.804685,814.050104,63.0652635,765.407132,2270.78917,594.722733,416.172228
167.870682,509.317159,79.6601336,481.825038,1101.59283,430.510166,213.757134
195.526916,252.627156,90.74713,218.211794,1246.97591,424.793373,245.614267
750.053546,500.053422,515.492203,519.547218,1462.95578,168.17825,1155.5071
162.233578,474.487038,59.5214854,457.030559,1528.91278,92.9217879,272.033006
153.952898,953.869942,37.8377852,950.048734,1559.34422,58.3687441,377.804315
836.329908,639.929425,594.876385,630.394333,1596.9668,354.607725,1326.58122
267.725148,330.941746,122.633298,322.186139,1278.34045,137.864059,745.220382
620.402771,749.142104,398.859665,725.156759,1898.34853,407.505783,991.636598
646.810069,713.04779,419.744355,705.679575,1650.48451,268.708932,1310.14848
320.040067,683.757742,158.601643,657.678369,1832.52184,563.97886,433.498804
202.707378,367.026998,44.2281316,314.472715,2002.77669,700.183145,426.108971
241.66525,238.505121,107.073152,231.131431,1694.86349,93.0897128,464.65895
498.41071,744.950609,270.186078,732.058916,2034.24609,326.258394,916.124959
215.34659,522.031609,106.108181,496.476663,1246.81541,452.784347,267.004786
443.86621,250.248724,292.331263,233.575366,1202.98107,380.828023,697.39932
235.453723,1086.7642,77.628084,1038.06854,2401.89997,525.527593,344.587797
433.711361,776.459757,200.58092,767.727616,1922.25322,151.417484,1273.44037
125.526572,711.288834,22.9631617,698.851629,1777.95449,128.945239,230.89204
197.899287,502.80534,68.2217157,491.467798,1058.58393,266.533156,640.193082
156.739612,591.362205,28.1727712,573.282312,2210.39298,188.267746,227.045604
87.9569351,714.325541,13.1384002,707.53247,1456.86593,49.8644617,131.220965
149.664212,356.48661,45.1244222,346.339889,1338.85711,137.742359,341.679663
513.820092,393.066896,346.999964,383.288984,1271.18725,508.146483,767.472659
506.447281,605.956914,295.91053,583.771893,1644.22192,668.212215,912.418938
179.595447,621.756921,63.9187884,605.211354,1255.6508,214.896621,456.997735
795.777119,597.340622,598.637216,590.263924,1277.07911,268.48347,1150.83088
245.594617,738.91388,82.960864,694.366951,1954.19471,792.577724,380.055539
237.589035,663.476858,120.439501,663.461236,1238.97375,40.6033094,511.153862
399.53736,243.539904,166.899357,240.15847,1775.82685,88.0531908,1397.88222
295.912914,779.107398,133.394687,760.793211,1905.05537,178.578345,634.938807
544.641234,228.456613,358.906701,204.492004,1768.75837,382.583645,795.722272
730.58198,785.196134,488.112084,780.856999,2108.6364,90.1355982,1278.22204
399.188132,930.700034,183.504117,912.001336,1761.34275,678.677397,923.041188
188.281769,171.027764,61.3641549,165.901832,1228.66332,120.979283,530.799511
279.882933,659.870465,137.963714,644.559262,1610.90964,238.252944,520.766288
167.653405,453.468268,55.5263336,443.199689,1291.9059,79.9395925,466.130503
192.039881,905.531856,72.0238766,888.554106,1873.56397,185.824973,286.45438
125.777982,291.533959,41.8338437,280.576826,1240.59601,92.4754126,220.953483
319.759019,801.310187,148.367707,755.511058,2182.0667,547.547824,449.313041
355.123875,121.167741,211.83453,116.293801,1093.05029,83.0115851,847.817617
200.340257,286.756565,60.5791526,257.121347,2000.28338,135.345742,368.235742
395.684396,97.6140138,256.380947,102.939499,917.475114,166.880763,862.676684
382.82201,821.116813,170.482434,809.221438,2486.78615,132.145678,741.243721
395.118336,511.320152,214.252281,472.33916,2255.54738,518.05932,493.421274
343.596882,359.737042,225.445121,352.549421,1267.13735,57.7983284,497.179956
167.639728,280.907294,65.6259229,268.782766,961.341715,270.611116,432.142518
230.126358,840.00799,67.5469701,831.973194,1995.38316,121.451922,622.917744
361.338918,471.164218,209.125648,454.967679,1333.16564,531.315971,519.308322
144.123029,248.288519,38.9044339,218.253224,1604.77413,416.609602,228.488174
148.408335,997.085015,31.6078436,975.932498,1614.30071,262.940621,319.514862
565.845307,471.069653,347.703131,463.007003,1851.19156,103.467883,1185.43955
365.938928,188.879269,183.316848,185.810301,1282.31355,260.178902,974.380753
406.587898,277.71735,250.382887,267.128538,1473.08168,148.729078,742.692189
283.121964,482.857984,162.028871,472.668876,1355.47032,217.042915,426.736878
474.457213,616.84827,265.789289,590.163312,1934.12094,480.591766,866.624488
171.488902,471.910239,55.2510987,449.087826,1599.25925,132.255976,311.312446
196.302077,403.665445,102.358726,394.539685,1369.70236,85.4530572,253.572358
404.210272,515.179786,270.843808,517.479045,1132.14513,117.066736,686.197771
780.304932,336.890875,562.994632,342.584049,1838.10279,148.954284,1145.47131
806.858876,226.13782,555.245105,226.257814,1600.88037,406.980842,1355.16014
200.809213,327.935323,83.239982,289.197653,1541.14388,387.4607,300.21451
207.966176,738.068686,91.2424888,724.330951,1340.08319,276.614821,351.310221
203.181111,918.334685,60.5303968,879.756835,2046.27681,480.124257,345.924036
215.798195,885.700626,84.0640543,846.215715,1615.87275,609.988721,305.277539
311.793879,227.483224,149.314391,229.556073,1016.66964,235.795135,906.269193
351.396886,603.823024,211.347257,608.86823,1208.98478,57.2849627,737.987528
598.654577,326.147276,420.788153,347.056317,1231.06845,103.783062,839.943107
187.833423,425.448228,92.8163968,419.095956,1351.38327,78.4923922,238.218795
221.26362,191.309756,100.999505,188.943966,1221.40384,61.1124526,549.228146
664.867539,714.726037,442.390215,701.793239,1985.93716,501.964239,941.319857
449.542033,141.58496,288.275705,143.400112,980.200328,264.123317,1001.25826
340.622826,393.997173,191.737384,394.801761,1397.97601,119.217686,645.791252
377.85873,369.216202,265.125509,362.291983,1004.53115,131.432962,551.412333
219.84245,1038.74694,75.6888388,993.295915,2362.35883,447.073467,302.154341
410.282726,801.166506,213.077953,809.559874,1544.26554,213.854211,815.054647
235.545154,710.706716,72.3868466,700.221153,2221.66944,87.0832426,536.047708
526.554499,829.612538,274.490322,828.135297,2051.26193,479.458664,936.638388
149.521321,376.330547,50.2169697,363.594274,1114.44487,123.584458,386.233388
197.700201,215.887549,75.182897,203.002237,862.326199,332.286216,643.959622
264.322999,903.560069,134.326002,871.456556,1753.13577,322.663941,339.513875
415.292418,531.712051,227.015728,532.543772,1171.46701,277.502805,1170.02434
317.871792,266.242588,145.170801,272.939741,1433.98058,72.9622839,849.243998
439.048115,965.923373,216.971807,966.081006,2283.5282,153.277764,971.207543
316.333624,423.972751,155.435938,384.978561,2267.50623,283.598807,411.046225
282.064861,310.676644,156.821777,296.883106,1701.81981,110.448565,376.615696
354.791091,460.249293,146.212418,466.642562,1328.00248,215.128203,1190.31621
153.646293,420.558089,43.9903377,409.721525,1411.72712,140.909244,361.433421
408.549989,493.67558,200.167098,475.120939,1449.90382,466.724991,1090.23603
190.51835,600.485592,88.2567193,563.913101,1356.85355,323.398734,238.071631
165.249953,490.31529,55.8579204,472.367692,1507.95045,189.86552,292.435463
223.777815,829.62003,71.1729486,787.20911,1975.52603,469.012012,375.272856
263.307474,472.048535,96.7217831,466.799813,1578.55345,155.582467,777.634992
393.907061,111.512671,284.226291,106.673336,811.211677,150.141055,595.487506
620.76656,213.28727,448.188725,206.379711,1310.50492,238.075024,923.562016
281.363932,438.860458,140.968463,413.146014,2113.85629,133.48489,352.973424
368.803977,579.88475,247.947773,573.830385,1162.70702,58.3413625,577.299753
380.933822,394.095173,179.690794,387.304164,1322.37964,250.177828,1261.13819
192.518913,915.210393,46.9046832,883.684027,1650.29865,454.528934,461.658597
493.976462,239.959043,321.681999,230.565544,1683.80458,244.137906,725.68517
209.364759,400.760443,92.4401662,395.899178,847.447126,128.4115,691.695487
228.567769,192.22887,125.72277,186.210146,1005.7891,123.52908,412.395143
680.183105,179.511762,505.969132,179.890005,960.305334,381.620292,1080.22809
549.11038,499.933167,372.782632,504.802632,1489.52466,72.9627697,965.912288
263.949398,186.607453,104.744738,163.774006,1419.10758,543.836196,634.073421
184.246585,691.161417,51.5542093,646.587399,1429.40769,549.367404,346.711899
448.248952,269.811329,243.371917,286.079415,1383.32117,98.0423504,1044.29688
357.03857,343.238987,179.023326,302.532417,2263.67296,552.966164,468.138911
195.629997,306.740901,61.0118126,295.203779,1684.35566,240.87544,399.344475
142.470263,374.279399,40.7189126,359.539785,1128.01251,192.491796,394.565134
340.878846,159.872849,224.614029,151.233432,1153.6553,131.446014,518.828353
250.933475,804.213504,140.490419,794.352906,1582.44966,55.5596896,334.298201
367.497707,524.084176,181.29838,523.749276,1251.5498,291.140123,845.73174
258.265111,996.997547,110.909062,956.205794,1919.84044,431.963577,383.890919
201.248518,370.226717,84.5607783,361.791916,993.293971,179.353486,561.940777
140.893158,205.256525,38.936825,168.649949,1206.89253,453.285334,257.254554
335.114824,360.464281,182.604046,365.211309,1332.67632,59.9701834,808.563976
100.67138,375.543937,21.7537705,352.702246,1068.19745,354.077847,206.519852
607.708624,711.990911,423.619949,699.050659,1590.31568,280.223209,887.612937
167.222388,682.375734,79.5499653,667.792618,1341.29024,88.6498785,223.785078
206.333509,712.493336,109.129886,697.966535,1166.04379,156.131059,315.970378
486.155859,187.587345,319.804556,179.219944,1228.281,370.604739,712.811232
457.290192,964.68336,267.364044,951.87035,1814.55902,84.852216,923.340268
547.419064,779.821947,369.637018,750.131685,1578.86748,562.993138,732.76261
526.148571,459.144864,351.461127,447.482767,1262.71106,367.262431,876.559951
412.166987,231.513692,266.780762,231.260033,1202.45267,111.861166,773.363417
424.828354,240.455523,276.282665,246.220904,1058.97235,115.207816,765.504938
556.031783,581.338624,346.822654,587.358367,1775.96969,86.4951982,1149.80765
355.316117,528.295815,176.129774,513.922694,2662.46246,196.042643,457.69696
616.421262,420.984583,385.707188,400.998554,1685.76562,629.42947,1107.8736
575.457745,577.623661,391.815569,581.657645,1409.11021,251.370997,980.071117
269.28367,117.537882,157.747991,110.316456,803.383701,236.486175,584.16271
324.815606,409.173944,172.647695,385.106004,1640.40026,482.479687,512.443422
347.518423,772.518315,180.316958,741.915156,2494.39415,235.832317,417.919575
350.006302,1037.82544,150.460477,1039.63682,2234.84475,143.138438,688.199624
176.085971,336.915069,70.074466,322.885337,972.06656,247.990954,445.648346
293.26806,417.576716,122.999706,392.028333,2557.28015,376.227133,367.394324
