Zeolite ID,Temp (°C),Conv. (%),Hetero Sel. (%),Crack Sel. (%),iC4​/nC4​,C3​/C7​,Cell Param (nm),Cryst. (%),Acid Cont. (μmol/g),Tot. Acid B/L,Med-Str Acid B/L,Acid Str.,Si/Al (mol),Tot. Area (m2/g),Micro Area (m2/g),Meso Area (m2/g),Tot. Vol (cm3/g),Micro Vol (cm3/g),Meso Vol (cm3/g)
Y1,310,9.6,20.6,79.4,2.3,1.9,2.4654,88.3,1407.5,10.6,13.7,261,2.4,681,657,23,0.377,0.304,0.073
Y1,330,18.2,13.6,86.4,2,2.4,2.4654,88.3,1407.5,10.6,13.7,261,2.4,681,657,23,0.377,0.304,0.073
Y1,350,32.9,8,92,1.8,3.1,2.4654,88.3,1407.5,10.6,13.7,261,2.4,681,657,23,0.377,0.304,0.073
Y1,370,45.9,5.5,94.5,1.7,3.9,2.4654,88.3,1407.5,10.6,13.7,261,2.4,681,657,23,0.377,0.304,0.073
Y2,310,10.1,18,82,2.3,2,2.4614,89.5,1554.5,4.5,5.8,326.1,2.4,680,657,23,0.365,0.304,0.061
Y2,330,17,14.3,85.7,2,2.3,2.4614,89.5,1554.5,4.5,5.8,326.1,2.4,680,657,23,0.365,0.304,0.061
Y2,350,25.7,10.6,89.4,1.8,2.8,2.4614,89.5,1554.5,4.5,5.8,326.1,2.4,680,657,23,0.365,0.304,0.061
Y2,370,37.2,7.1,92.9,1.7,3.7,2.4614,89.5,1554.5,4.5,5.8,326.1,2.4,680,657,23,0.365,0.304,0.061
Y3,310,7.8,19.3,80.7,2.3,1.8,2.4395,76.6,1027.6,16.4,24.4,367.5,5.5,674,619,55,0.418,0.285,0.132
Y3,330,13.5,14.2,85.8,2,2.3,2.4395,76.6,1027.6,16.4,24.4,367.5,5.5,674,619,55,0.418,0.285,0.132
Y3,350,22.6,9.7,90.3,1.8,2.8,2.4395,76.6,1027.6,16.4,24.4,367.5,5.5,674,619,55,0.418,0.285,0.132
Y3,370,32.5,7.1,92.9,1.6,3.5,2.4395,76.6,1027.6,16.4,24.4,367.5,5.5,674,619,55,0.418,0.285,0.132
Y4,310,13,16,84,2.3,1.8,2.4571,89.2,1598,24.5,32,359.9,3.5,689,669,20,0.357,0.309,0.048
Y4,330,19.6,13.8,86.2,2.1,2.5,2.4571,89.2,1598,24.5,32,359.9,3.5,689,669,20,0.357,0.309,0.048
Y4,350,32.6,8.6,91.4,1.8,2.9,2.4571,89.2,1598,24.5,32,359.9,3.5,689,669,20,0.357,0.309,0.048
Y4,370,44.9,5.7,94.3,1.7,4,2.4571,89.2,1598,24.5,32,359.9,3.5,689,669,20,0.357,0.309,0.048
Y5,310,6.9,24,76,2.2,1.3,2.4342,61,811,4,4.9,334.4,3.8,570,544,26,0.335,0.25,0.085
Y5,330,13.5,16.9,83.1,1.9,2.1,2.4342,61,811,4,4.9,334.4,3.8,570,544,26,0.335,0.25,0.085
Y5,350,27.7,10.1,89.9,1.7,2.6,2.4342,61,811,4,4.9,334.4,3.8,570,544,26,0.335,0.25,0.085
Y5,370,35.5,8.4,91.6,1.6,3.1,2.4342,61,811,4,4.9,334.4,3.8,570,544,26,0.335,0.25,0.085
Y6,310,8.1,18.8,81.2,2.3,1.9,2.4336,71.9,591.2,7.6,7.1,353.7,10.5,706,645,60,0.449,0.299,0.151
Y6,330,15.6,13.8,86.2,2,2.2,2.4336,71.9,591.2,7.6,7.1,353.7,10.5,706,645,60,0.449,0.299,0.151
Y6,350,24.4,10.5,89.5,1.8,2.6,2.4336,71.9,591.2,7.6,7.1,353.7,10.5,706,645,60,0.449,0.299,0.151
Y6,370,32.5,8.3,91.7,1.6,3.3,2.4336,71.9,591.2,7.6,7.1,353.7,10.5,706,645,60,0.449,0.299,0.151
Y7,310,13.6,16.8,83.2,2.3,2,2.4398,74,1113.5,18.9,21.3,371.4,6.9,666,592,73,0.447,0.273,0.174
Y7,330,22.7,12.6,87.4,2,2.2,2.4398,74,1113.5,18.9,21.3,371.4,6.9,666,592,73,0.447,0.273,0.174
Y7,350,35.6,8.5,91.5,1.8,2.7,2.4398,74,1113.5,18.9,21.3,371.4,6.9,666,592,73,0.447,0.273,0.174
Y7,370,48.3,5.6,94.4,1.6,3.7,2.4398,74,1113.5,18.9,21.3,371.4,6.9,666,592,73,0.447,0.273,0.174
Y8,310,17.5,12.7,87.3,2.4,2,2.4617,87.5,1519,8.8,10.1,263.1,3,691,671,21,0.339,0.31,0.029
Y8,330,28.8,9.7,90.3,2.1,2.4,2.4617,87.5,1519,8.8,10.1,263.1,3,691,671,21,0.339,0.31,0.029
Y8,350,55.9,4.2,95.8,1.9,3.7,2.4617,87.5,1519,8.8,10.1,263.1,3,691,671,21,0.339,0.31,0.029
Y8,370,67.6,2.8,97.2,1.8,5.2,2.4617,87.5,1519,8.8,10.1,263.1,3,691,671,21,0.339,0.31,0.029
Y9,310,14.2,14.5,85.5,2.4,2.2,2.4485,85.8,2240,81.5,86.2,411.5,5.4,683,660,23,0.378,0.304,0.074
Y9,330,18.7,13.4,86.6,2.1,2.3,2.4485,85.8,2240,81.5,86.2,411.5,5.4,683,660,23,0.378,0.304,0.074
Y9,350,36.9,6.8,93.2,1.9,3.3,2.4485,85.8,2240,81.5,86.2,411.5,5.4,683,660,23,0.378,0.304,0.074
Y9,370,50,4.9,95.1,1.8,4,2.4485,85.8,2240,81.5,86.2,411.5,5.4,683,660,23,0.378,0.304,0.074
Y10,310,12.2,17.3,82.7,2.4,1.9,2.4578,87,1290.8,17.1,26.3,345.9,2.6,633,591,42,0.334,0.266,0.068
Y10,330,20.3,12.5,87.5,2.1,2.4,2.4578,87,1290.8,17.1,26.3,345.9,2.6,633,591,42,0.334,0.266,0.068
Y10,350,32.7,8.1,91.9,1.8,2.9,2.4578,87,1290.8,17.1,26.3,345.9,2.6,633,591,42,0.334,0.266,0.068
Y10,370,48.8,4.9,95.1,1.7,4,2.4578,87,1290.8,17.1,26.3,345.9,2.6,633,591,42,0.334,0.266,0.068
Y11,310,11.7,16.2,83.8,2.3,1.9,2.451,87.1,2261.4,42.2,38.3,399.8,4.9,681,662,19,0.364,0.299,0.065
Y11,330,18.4,13,87,2.1,2.3,2.451,87.1,2261.4,42.2,38.3,399.8,4.9,681,662,19,0.364,0.299,0.065
Y11,350,29.1,8.9,91.1,1.8,2.9,2.451,87.1,2261.4,42.2,38.3,399.8,4.9,681,662,19,0.364,0.299,0.065
Y11,370,42.8,5.8,94.2,1.7,3.9,2.451,87.1,2261.4,42.2,38.3,399.8,4.9,681,662,19,0.364,0.299,0.065
Y12,310,13.6,15.7,84.3,2.3,2.1,2.4552,88.3,1677.6,8.1,11.2,369.9,3.4,692,657,35,0.399,0.297,0.102
Y12,330,21.1,11.9,88.1,2.1,2.5,2.4552,88.3,1677.6,8.1,11.2,369.9,3.4,692,657,35,0.399,0.297,0.102
Y12,350,32.2,8.3,91.7,1.8,2.9,2.4552,88.3,1677.6,8.1,11.2,369.9,3.4,692,657,35,0.399,0.297,0.102
Y12,370,45.7,5.4,94.6,1.7,4,2.4552,88.3,1677.6,8.1,11.2,369.9,3.4,692,657,35,0.399,0.297,0.102
Y13,310,2.4,27.5,72.5,2.4,1.6,2.4303,77,334.2,7.8,10.9,334.4,20.7,692,638,54,0.488,0.289,0.2
Y13,330,5.5,17.8,82.2,2,1.7,2.4303,77,334.2,7.8,10.9,334.4,20.7,692,638,54,0.488,0.289,0.2
Y13,350,12.4,11.1,88.9,1.8,2.7,2.4303,77,334.2,7.8,10.9,334.4,20.7,692,638,54,0.488,0.289,0.2
Y13,370,19.3,8.9,91.1,1.6,3.2,2.4303,77,334.2,7.8,10.9,334.4,20.7,692,638,54,0.488,0.289,0.2
Y14,310,0.8,66.5,33.5,1.8,1.6,2.4256,60.5,117.8,10.6,2.8,320.1,40,601,519,83,0.508,0.24,0.268
Y14,330,1.8,48.1,51.9,1.7,1.7,2.4256,60.5,117.8,10.6,2.8,320.1,40,601,519,83,0.508,0.24,0.268
Y14,350,4.9,32,68,1.6,1.9,2.4256,60.5,117.8,10.6,2.8,320.1,40,601,519,83,0.508,0.24,0.268
Y14,370,10.3,20.2,79.8,1.4,2.5,2.4256,60.5,117.8,10.6,2.8,320.1,40,601,519,83,0.508,0.24,0.268
Y15,310,12,14.4,85.6,2.4,2.3,2.4689,92.4,1353.3,3.2,4,261.2,2.2,712,693,19,0.354,0.32,0.034
Y15,330,21,10.5,89.5,2.1,2.8,2.4689,92.4,1353.3,3.2,4,261.2,2.2,712,693,19,0.354,0.32,0.034
Y15,350,32.8,7.1,92.9,1.9,3.6,2.4689,92.4,1353.3,3.2,4,261.2,2.2,712,693,19,0.354,0.32,0.034
Y15,370,47.3,4.6,95.4,1.8,5,2.4689,92.4,1353.3,3.2,4,261.2,2.2,712,693,19,0.354,0.32,0.034
Y16,310,8.7,17.1,82.9,2.3,2,2.4643,87.5,1523,8,11.2,272.9,2.6,675,647,28,0.344,0.299,0.045
Y16,330,14.2,13.4,86.6,2,2.4,2.4643,87.5,1523,8,11.2,272.9,2.6,675,647,28,0.344,0.299,0.045
Y16,350,21.9,9.7,90.3,1.8,3,2.4643,87.5,1523,8,11.2,272.9,2.6,675,647,28,0.344,0.299,0.045
Y16,370,32.1,6.4,93.6,1.6,3.9,2.4643,87.5,1523,8,11.2,272.9,2.6,675,647,28,0.344,0.299,0.045
Y17,310,9.7,16.3,83.7,2.3,1.9,2.446,76.8,1466.3,15,18.4,386.9,5.6,712,668,44,0.372,0.31,0.062
Y17,330,18.7,12.4,87.6,2,2.2,2.446,76.8,1466.3,15,18.4,386.9,5.6,712,668,44,0.372,0.31,0.062
Y17,350,28.1,9.6,90.4,1.8,2.7,2.446,76.8,1466.3,15,18.4,386.9,5.6,712,668,44,0.372,0.31,0.062
Y17,370,36.7,7.7,92.3,1.6,3.4,2.446,76.8,1466.3,15,18.4,386.9,5.6,712,668,44,0.372,0.31,0.062
Y18,310,12.7,16.3,83.7,2.4,1.9,2.4627,99.1,1324.6,5.6,6.7,266.4,3,748,710,38,0.429,0.327,0.102
Y18,330,22.7,11.4,88.6,2.1,2.5,2.4627,99.1,1324.6,5.6,6.7,266.4,3,748,710,38,0.429,0.327,0.102
Y18,350,40.2,6.5,93.5,1.8,3.4,2.4627,99.1,1324.6,5.6,6.7,266.4,3,748,710,38,0.429,0.327,0.102
Y18,370,52.1,4.6,95.4,1.7,4.2,2.4627,99.1,1324.6,5.6,6.7,266.4,3,748,710,38,0.429,0.327,0.102
Y19,310,12.7,13.3,86.7,2.2,2.4,2.4529,77.8,1432,4,4.4,352.4,3.6,623,543,80,0.426,0.25,0.176
Y19,330,23.7,9.3,90.7,1.9,3,2.4529,77.8,1432,4,4.4,352.4,3.6,623,543,80,0.426,0.25,0.176
Y19,350,36.9,6.4,93.6,1.8,3.7,2.4529,77.8,1432,4,4.4,352.4,3.6,623,543,80,0.426,0.25,0.176
Y19,370,48,4.7,95.3,1.7,4.9,2.4529,77.8,1432,4,4.4,352.4,3.6,623,543,80,0.426,0.25,0.176
Y20,310,14.5,16.5,83.5,2.2,1.9,2.4478,70.5,1174.2,6.2,8.6,383.6,3,658,606,52,0.361,0.28,0.081
Y20,330,24,12.4,87.6,1.9,2.2,2.4478,70.5,1174.2,6.2,8.6,383.6,3,658,606,52,0.361,0.28,0.081
Y20,350,36.9,8.2,91.8,1.8,2.8,2.4478,70.5,1174.2,6.2,8.6,383.6,3,658,606,52,0.361,0.28,0.081
Y20,370,50.7,5.2,94.8,1.6,3.9,2.4478,70.5,1174.2,6.2,8.6,383.6,3,658,606,52,0.361,0.28,0.081
Y21,310,7.4,18.5,81.5,2.4,1.8,2.4314,69.8,453.5,14.9,14.4,352.7,18.5,732,650,82,0.428,0.301,0.127
Y21,330,14.2,15.2,84.8,2,2,2.4314,69.8,453.5,14.9,14.4,352.7,18.5,732,650,82,0.428,0.301,0.127
Y21,350,24.1,12,88,1.8,2.5,2.4314,69.8,453.5,14.9,14.4,352.7,18.5,732,650,82,0.428,0.301,0.127
Y21,370,31.9,9.2,90.8,1.6,3.1,2.4314,69.8,453.5,14.9,14.4,352.7,18.5,732,650,82,0.428,0.301,0.127
Y22,310,6.4,21.3,78.7,2,2.3,2.439,76.2,909.1,12.3,15.6,366.6,8.3,710,652,58,0.443,0.301,0.142
Y22,330,12.2,15,85,1.8,2.9,2.439,76.2,909.1,12.3,15.6,366.6,8.3,710,652,58,0.443,0.301,0.142
Y22,350,21.1,10.4,89.6,1.7,3.5,2.439,76.2,909.1,12.3,15.6,366.6,8.3,710,652,58,0.443,0.301,0.142
Y22,370,33.4,7.1,92.9,1.6,4.4,2.439,76.2,909.1,12.3,15.6,366.6,8.3,710,652,58,0.443,0.301,0.142
Y23,310,11.9,19,81,2.2,1.7,2.4638,88.9,1395.3,4,5,257.3,2.4,706,683,23,0.385,0.315,0.07
Y23,330,25.7,10.8,89.2,2,2.4,2.4638,88.9,1395.3,4,5,257.3,2.4,706,683,23,0.385,0.315,0.07
Y23,350,37.3,7.6,92.4,1.8,3.1,2.4638,88.9,1395.3,4,5,257.3,2.4,706,683,23,0.385,0.315,0.07
Y23,370,49.4,5.5,94.5,1.6,3.7,2.4638,88.9,1395.3,4,5,257.3,2.4,706,683,23,0.385,0.315,0.07
